AACQITEFGI,SOIDSLM,ZSRFFGELQL
AALXBRER,EUTZBCY,MNQYZYFMKV
AAUFNIWRER,UAQWA,QPAXDKY
AAWFVRT,UHAIWH,RQOHCOHYWH
AAZMTY,HIELZAYCBN,LUUNI
ABMPIKQR,ESFTGZWBU,OZAXIGP
ABUEJ,QPINICGVZ,GZNHEUHGX
ADIEO,KUUSPOUJ,PTZEPELCL
ADVQTL,OPPMFU,WXRKJN
AEJNWVXYI,KMAAFEDEC,VNNEZMWCM
AEZKLEBONV,THGXNXBQV,NOOGA
AFHYGFGXJI,WIIRZ,JNLWXCFL
AFISH,CJKNWUEYH,FUCPHHFUSY
AFMPLP,KRRQB,QXKGRTETZM
AFQBYO,VKYQQN,AQYAFZFCGA
AFSCRNYPK,UAUHHZYQS,YLBTXKVL
AGGBKEFAKS,OXHTNCIL,YRKPRX
AGMWTK,YIPKQVMAO,HBKXHWFOK
AHBCLKQ,JVXTSFY,VXNECQ
AHDFDALQ,FEOHMZYRPK,EZPVRJBO
AHESDLMCK,VTDTZO,UDZBZVTW
AHRGPCA,WIVTWUTO,GJBPZTF
AHUYDOFZS,NUKLYLRH,PGUKGD
AHZEHIAZR,FROOCOWEH,QOTPTGLNTU
AIEIM,BLVHBO,VZQLXF
AILLZJDA,YJDOAFD,INRLJBSXAA
AIOUJ,UBQLFC,VXYYEI
AITXTBEJT,ZFAFIWC,MDPLDSHDK
AJNXCTVKI,BYFYEOCJGP,MFJTAO
AJOMJKYOHY,SUTHCKZE,PQIAIS
AJYVBTYVBH,CCHFKZHYUR,SWNEBDWOFA
AKVEBIGTG,MAWDQHLW,JXRRFZ
ALDZWRG,QRIFOIK,QQOAYCDSM
ALJUAD,YXVDUTW,LPCOOBLJFF
ALPGT,HQKZNHPJCL,QJHUJWTL
ALQYBKQ,LXAESYJ,DEZSKNHYOI
ALSRBKCYU,MNPQQBJGF,MKLJLTYKBC
ALSVOXEC,ZWVJMRDP,PMANI
ALVZQHBR,OPMNQVZV,FUMHP
ALWPGBDE,INOHLT,IRMSDCW
ALYCDG,HORML,RAWXY
ALYFRY,QHUZLLHPN,NTFHOWHAKQ
AMRBPEGAP,LBQZOT,OLJYWN
AMSNP,ECQWQF,FKKLJMQHY
ANOGK,MSNODPIPME,MBNBBTPULO
AOAIPI,DEHKBEFNZ,JUURVPXK
AOGXRV,UVIPN,OQUQFC
AOVPSVRBI,PEJMNPA,INEDFBVTH
AOWOFPNUHB,RFZXBT,BDWYAK
APCSNKDBG,SGQEEZ,MFKBX
APHJAGS,QYLZQQGT,RNUSR
APRET,ZIXYPFPYI,SJUDFP
APSKQSBCDV,QFLXSGVBLC,IGHTUT
AQBLYCH,ATDUBSMDT,ZOKZGZ
AQKUN,EVBKNEZ,BMGDAZ
AQMHKX,IKXXXZY,BSXMBXSSU
AQOZRGXFVJ,PHWFVPI,ZBVFJ
AQQMWKAI,GLQMTT,MPFYDEKAGC
AQRYMIYSA,IYRTTO,EXCPWZTEJ
AROYPWZ,HPZZUQNX,GYNBDTL
ARWAWDGSZ,AYCGIMVJ,AQXZKMH
ARYNXYZCX,YCCYQLADQO,QWBECFB
ASBUDIWD,STWYKACKZY,XLZTLY
ASIPNKPIAB,DTKHV,NFQMZ
ASODSAECWJ,OOZEYWQTP,BWRHPDJML
ASXUOVLS,AIJWXXZ,CRMQAHTCS
ATIFV,WXHIE,YWACURBGW
ATMEE,NPXMDLPQXP,NYNKBMRG
AUEIPRDZE,DNNEX,JPYIBD
AUHBZXG,YMMNNHAHJG,QJZHTRVG
AUPXD,XETFHRW,ZSDAYR
AUQZDU,YASPURM,RVOWIFB
AVGBDL,HMJZOIZBM,YTLMFFP
AVGNKSYKNJ,TCYPFDR,DRNDNGJYP
AWDXKWAOBX,AGJVMTTZ,LPPACUQHP
AWGOD,VZHQSIFPHV,BQAVWHSK
AWIRGOVFPP,KTGGKORLJ,BIOTF
AWOZEDKOHG,WSRQZZ,XKVGTR
AXAKYEAYXA,CJCRJEWM,UETNCTI
AXLSOM,QYCZUPCSX,GXLSYX
AXTQI,VLZIBFRVSK,AQZLQ
AYERZJJ,ZTFRPP,VKRCETHOBW
AYGEUMIILG,KPSFKZ,FGLSU
AYJAXYR,JEGZIJIOJ,MPEIF
AYMVSDIECW,JKTCQYQKYL,LNNHAIW
AYURH,ERHXZEU,IBNZPV
AYWOK,RMREM,NSVWEV
BAHJKB,SVRXQJ,JVOLWL
BALQAQOFN,GZHEQB,GMFRJZ
BAPYFMA,DVXBOOJJZK,MEEUMAWMHB
BBCVD,YLBBHMSM,QRQROXC
BBGNN,HEKURZNB,PQNWXTZ
BBMKJXO,YLJUQ,DRZBEOLRKN
BCABPTNXUK,WNRMTYW,BOXXXWHNOW
BCCZDCTMJC,GKILO,ADDCLMNFYV
BCHQB,LHWSS,ALCEDH
BCMIY,SIWVEYJHB,SBGOJKD
BDGDXCIJT,VREJYW,MLWHNRTYN
BDLXKUROBX,NKSTHZQG,ADQGGYOLY
BDOCLA,SICRLCUJ,ZBWRKTRFLS
BDUTQITQ,YRDZAIL,JTBSQIDR
BECIHQG,PXPAKV,ZPZUSHND
BECWED,LBGNNTAXPW,GCMVPMZ
BENURFTT,GLIGIBYHDP,JAQKA
BEOTIJYTTQ,UVXNEWAR,NUKXNACD
BEUXMR,RHMLRWN,IJAODHZPSQ
BEYYAKE,MUFYIAUADP,TDAVXVM
BFFIYCOS,WVPTBYULC,TVEFKFVKZZ
BFGQFUMB,GJPYTOAOBC,MGXIZE
BFXNSOC,LFBCHJA,FOSSO
BGRNVAACEL,SLROA,NXEXF
BGWLOPEOSX,XYJLPNKXB,PGMTR
BHDJXJZB,YGLRDNHK,GVCIGZQB
BHRBT,THLYGNZD,UEGDAQ
BILQU,LBHHAVC,QUAYSYP
BIMBC,XBWYYQQBJ,WZCWJ
BITREUU,ZBQYQWHP,EUTETXNAJV
BJBEWMSM,WGQWVYTIP,ECMTF
BJDUPNNP,EELTATCLMJ,EHZNYVGM
BJEQRZG,SLVPYM,QILFWLO
BJEWJPPQFY,LWPCDU,BJWMXNC
BJJFPDGTG,SKBHXH,QFEVA
BJKVNDNXCN,XCPWHKG,MYZQBENGWX
BJRUYTXZQJ,QIPIZRAHK,FKXAQUATEY
BJXJKLB,DJGWFA,BBOLM
BKAVKQII,CMJHLOGWCK,JMYNKPBVJF
BKFATK,YIKNRH,PYOFRSVT
BKOPCCM,UOLFBPQNBM,TWFBQWAYS
BLBAOLRMH,TAZREHCPYH,NJLETCM
BLFCXLNG,XLSZEMIRBM,ZDQHROQ
BLIAZO,DHSINXLSL,MLFTTH
BLJPFE,AAPVRDQM,OPGDHU
BMFUJE,IIKXOYV,QLAIAKDM
BMRTAEQOBN,NIBIWKL,FLMAB
BMVDS,QBOCUGJZW,QJVPQ
BMXMICTN,RZIMIZXTW,YZWOKGN
BNLAAUJQOB,YQTQHGHJK,EKCEFCVKR
BNOQQS,FRRXMHUZG,KFOTILU
BNTZI,BTBHMN,AXHXIUKDTP
BNUVY,YVTEK,QNNDQ
BNVCSECVH,DHTVAFA,GGSHOREDEL
BNZJSGITUV,IQNDCCL,HZPGMSTI
BOITQXM,XJCAJQCJ,DVAETLVJ
BPCHD,IIWDND,DFAVK
BPNRIE,HYOTXKY,DFCQROWE
BPPIRFKGP,ANEEOY,CMUCCG
BPZDS,UJMGXA,FDDSS
BPZQUSO,LIVBGMM,RYNMP
BQBLSHOLH,NPPEGTCKIE,LSSDFLLSIC
BQEBTKRB,UISPX,STMPA
BQHAMXGBTL,IGTGNN,APBMD
BQJODZYIAO,UUPBCTFK,JSMOWOC
BQRXD,XVKTF,TEGZFFX
BREAIZ,YILHZH,KMOYGFMQOR
BRKABWJ,IJLWYFXDZO,AKQUW
BRNJHQPUBP,VKLRTU,WDIREVDFFO
BRPITNTMGH,IEAVNBUH,NTQSJIO
BSLDAP,FTFEQKCOM,LSSOMPRXKL
BSOJRU,VIRONJEH,XWXZXEAPUD
BSPGEE,PFSUT,YCYFHGQPIR
BSSWLURNA,EWDAII,ZIDKUZHV
BSWQUXB,OPDPYAUPV,WTIINKHLAM
BTAJMDSGTG,EERMGJ,NJSCDPNF
BTIKOMTIPA,XSEFCQL,GDKWZKD
BTIUYF,DYLCSJR,LRVVUYC
BUCLCXXF,GEMEB,BUWLLGN
BUISETXYY,HFEGIJRL,GHSNOM
BUJJUKPL,MLQSMVQTJC,UZRCUNUUJ
BVFTSBYU,OHCMYUSM,JXCFXUM
BVPPEQLZN,PZBLTUGL,EATEB
BWHLFPY,KOVCO,RCSDI
BWLOSXX,AQFEYGWMJ,TZJYAUXHM
BWWOAFB,UFUIZTBBBH,XGYMQCWKIB
BWWVYXL,MXEMNW,JATVYX
BXLGZW,WNNCKUMNHC,KJFZSYBLC
BXYIHFD,ABLZSYH,CQMZLW
BYGLTOWAO,SEBHIO,SOBHDZJP
BYPYCCOXBH,ZLSAGEJ,FTAHX
BYQWMGHC,NCASDM,EGBYNZJYR
BYTIJLS,NXPZTQQ,GGBYRNN
BYWTIKC,BQWQDV,ZLMXFAND
BZOOZBD,CJMTVUPK,SWPQPQFWNB
BZPFUDHNH,SWGBTOAZTH,LYUHJTVS
BZRCW,TAMHLFXZOC,EYHFTUQEPQ
CABTYXRWU,DPAYUI,RIKCX
CAKTYNRTFH,BJIIPOPATR,LQTOST
CAULTW,UTIDRAIOOH,SNKIGB
CBEFRRTAS,PUIMLGI,TLFTAC
CBGTUFFQZS,XDDBPPXRJ,PITEAX
CBRMATSP,VCHHBEMSZC,HUWWQSYRW
CCDSU,CCUZAHV,DMZECD
CCLKPM,XOYTQX,SUSJUZTWT
CCMQNRZ,KEPJI,CORUKONFA
CCPQPJKISO,EUVAHXMVL,HLYXDQC
CCRPSXWB,PIAQR,ZWVESII
CCVIHRD,HNPWR,DNXRXSF
CDEID,EVMLLKI,VZSGT
CDFRJBSV,TPAMRWQXFH,CJSVB
CDLYW,VEGSZQB,SACSF
CDUSPQS,GACQEG,MYBDHVT
CDWFCJX,WVMFICQUF,PLPIJJ
CECKTKQD,NAVFATWPXO,JVKKBEKAS
CEIYCSLV,DTHASNZ,JAYSOJIMI
CEMDUEEDB,BVSNTK,FSFVS
CETVF,COJMLAYPXD,OFZDWY
CEUQWQ,YFZJNDT,NIRBFPCXN
CFIMKQLV,CNUIKG,MFZWEOTIF
CFTKGG,ZDBQCAV,GBSDCINV
CFVGMSE,FPFKEE,EQCYGALX
CGKOFGXW,YFARF,PEPFQBKUK
CGWVMJX,ZSLCPUPEI,VDOPHASH
CHNMTNRRBF,KAINQXWZ,SBYQE
CHQATSXKG,WUDKVUXZGM,HSVER
CHZSIRDKHN,LNVCBGA,RPHKS
CIFLHA,QKMAXIOS,BJHDNRHP
CIKLPH,DYMSCZ,NEEIFQ
CIKRDHP,PCAPIWBUTD,ZWFDYWDSJW
CIMEKH,NYDHDBKRLO,CGGSUTO
CIOLB,QPDVLWEAD,MAJSHPPM
CIPUEVXCYO,WIZCVY,JPLXET
CJCGJV,GPOLARPQ,GVTVBBO
CJISUS,QTFPNVSPWM,BWPASU
CJKKUR,WRTEAMPWE,PNFNEKLCO
CJTSEJVEYL,RMLMPPM,OBHVVG
CKJGCEUIV,BVWSDF,YOWWHBFXF
CKLZQFDWA,ITTBCHWFUB,KRVCNYKQE
CKYQVC,JXZTOYSNQM,SLUZBWW
CKYTENG,UUWZFLVFGT,XDFVEHOIQ
CKYVEI,FZFUBAVC,VUKEIVZ
CLLXPHOQPM,GDRNL,TNRRJTJ
CLPUIW,AVWEG,KIENOX
CLWKN,KIAWSBHTD,XMPZZLE
CLWMJ,MKMZQFNAH,XGRQUVE
CMMTNR,KHPOMVTUAL,HXVAMC
CMNBXJUHC,AMYOJC,EGWGFJTLD
CNFQECNXQW,BUUDKTK,WGAYTKELK
CNJUNSAF,VEZOE,COSUNE
CNONDBETT,CJCNAF,ROETABTRBR
CNQIIC,MBKJKOWQPI,CHVLSEWCV
CNZZNVEAO,NRQZFDBDXP,DKDOEVXFUG
COHGYCHTM,KLQNOCZ,GSKLTQQL
COUWDVLS,IGNFWSRVJ,GMWWG
CPACGW,CRGDTBESXJ,PRBGZMF
CQDDI,WIPVBJDUA,ZUQUSE
CQJFX,JRAZC,BHFQMOX
CQNXTEO,CTATECAGME,OCCJTPU
CQQAOPXBC,DQWWMYG,TBWDRWT
CQRPMBZX,OMCTTHE,OHSVWO
CRMZVEOHW,AEJVSGX,ETWBU
CSODSPNPCF,NBEHWGB,PUGXJIYEV
CSWNIKBVMR,PUEKFOQ,HDNWVRD
CSWXLLNA,ZZDONWGO,DKMCS
CTXBVVPPI,NCHIYD,DNFSN
CTYLIR,REVRA,VDYHGM
CUKSQJUY,KIXBKADR,WVBXIDXZ
CUQIT,BQSYO,REDXA
CUWIC,ICFYHYFQ,ECEMH
CVACKHTL,IIKSSDDG,YKTUF
CVCWRK,KQCNXGFH,AKTHLJHPTI
CVHRIJIOKV,QPFRAX,IIFPYYTDJ
CVRAQOSL,YVCHM,XFXHXWOC
CVTZOSWE,EMBJJTVZ,RBZRPNEYVQ
CWBPIVKMWA,KDLTBEOU,BAJUYL
CWIHSCGA,CPQIK,GIRFQO
CWLDDFFIUF,ZVWVYU,NRWFRAWYW
CWVCGTH,QGCMHAVR,MGFNAXLB
CXICASPUY,PAGWCSMIU,MNGVZCIMVT
CXNAWD,BOVNAIIH,LGEFEEQVDG
CXTXRNDP,HUCDEA,KDUNWQKNLD
CYGMXHH,CCVQEYCGRT,SVANH
CYJGOO,SHUAKS,DOHWFXJ
CYKWUIASMD,NWFAYUBGR,IHOMSIPJJ
CZAEJKJHZI,RCXOBUWOO,PWXAACFVAT
CZIEZFZUME,XIMGXW,UTVGOCN
CZNBVZI,SNRLF,AXXKMXDGKN
CZRYUAN,EWJOB,MWFIRJLYP
CZWMDGW,GPSDYN,UNXWHQF
DAQJTKB,PBDXE,JDSQEUEZ
DBDIBS,VTGLMKIVH,YKUHTZFHVO
DBFRKWAO,OKHVEKV,VMPRV
DBRZRTAHV,XUYIVODKKW,MFLFGK
DBYCLIIEEI,RSMFLLA,KOIURZ
DCFYLG,YFHTVUA,UFGCPLTWR
DCGPEBRXRM,BVFPBAETOL,MJTTKCZON
DCGZIIVNTN,MOMKXNJI,ZYGFFMO
DCHEUWVS,TDPCFCD,BUXTXBQQVG
DCKKGLRG,CKENOW,AGNLVIE
DCKXRVVYTY,UECPEMWVW,WGQKF
DCLYX,RACABRQWLQ,UTEGOCHK
DCTFGDDEDQ,NPWJXPHZLE,CFFVGHFOV
DCVWULSKFI,XGBGSC,HYTBJSADYB
DCYOZC,TIFLFYUIF,OTOHLBJJB
DCZZYC,DXSWRHF,RRRCKHYCU
DDDAB,TPJFV,WRWOEWZXFS
DDQZUHF,GLBOIQN,IREPWY
DDRBIP,AZVVWZQUEY,GEYRGIAQI
DDRJCLS,YDJIZVDDLI,HCBZHCZSU
DDVPXYBC,IZHEIR,FYXKQVK
DDXTAVCUR,VLHFKAQJ,MKAJPSB
DEAKGPMJTE,ERSMZOU,RHPMTODS
DEGPX,YLQWATCLPX,HJJVHV
DEHXLSX,NQNHGFCIDN,JMMAWKKX
DEYYY,DLCYCDBT,XWRAYWUI
DGUGQI,XPUOX,DDNQTFVG
DHBRJ,UKHQUC,OVEHVNSG
DHLTIIW,BPIMAUFR,YLHRD
DHOJIN,WSPBNKSHA,COEDQHA
DHQFEPWMNI,ENBYDFFT,TQBVQBSGRV
DHZTS,INQHZGBKS,ROANJL
DIBUVHQEP,EFRMOQDVKG,JPKZMOX
DIGEOPVCOX,MOZOPPU,PJIWATGK
DIJBVVG,HZYTYALRJQ,BWEIGWANPR
DIYDT,NFLCE,EJWZCVMC
DJJVONMG,TDIDTFT,SEYAINHB
DJXQOGSQ,QSBKGCF,TINWASZRS
DKEMK,AFDFKM,ZKKUTWA
DKIOWVTURL,QQRUPLUPEE,XRVDCF
DKOZIL,UXLODKIMIV,PXKJVYTS
DKPSTSI,FTOMGKA,YFIAHGNH
DKXOL,UBPZZFMMBX,YPNPDGF
DKZSXLIFX,KCOXBR,GZGHV
DLHEJ,VTTBUGMCZ,WAWYXMBNJQ
DLKXKDLZFM,FZMPAVVCXS,KMQPE
DLVYBYPUFO,KNJQX,OWVGXE
DMBIZAR,YNRSV,GTASMQAZZY
DMCOZEXRX,KNBMBRXDM,UUBJREGQAK
DMCYAGX,BHLGL,HZSGBIB
DMEHJXDFBQ,ECJGMZLTYG,YXGXRTJG
DNJGO,TREMCQYUJW,VLVLNUXJJ
DNPICH,QCKUCCGDLM,GARXSUMN
DNYAZRTWU,AWHZBRJZ,NZKSPVAOY
DOACQF,TNLVRNGU,OYILOJS
DOIUUX,POVKBYEAV,LDVZWJC
DOJHDLM,HHCPZGOW,HTBHJ
DOKNEQ,JIFWJ,XVHZAK
DPKJINA,AJWEUGLJT,BSGGSOM
DPMFM,CZPUEYLGBV,SFEMHPSSCZ
DPOAMC,YJOKC,ZLDVCZW
DPODHCRIXL,ZOBJM,EHKPZMT
DPUDJRLJYR,TJXUJL,GUZKITDRG
DQLNZH,OZUGDRM,HCVEQ
DQRVJXQS,IWMJMUUEDY,KRGZHOLI
DQSRCTKF,LJCDXA,FDFYOASZH
DQVAOQRMHV,FEZESYMOQO,XEGRKBLZR
DQZSMGZQ,OACFEKJUYC,WWHCKYJECX
DRHLBFAL,UIRHQ,VUGVUNYP
DRUMNRGI,ZRHICCVC,OMQPSUR
DSDCDBZN,NGIPGVPXP,IUFRTTJR
DSJAYVLZ,GTYSRO,HNJRCO
DSPPLQ,ILXGSX,ONPUHMVZ
DSTUXTOJ,ZUKDJ,YCXNHBEQ
DTMMKP,ZIRHGXREGL,PCDUGZVH
DTMQEDNWXF,DEVSMAFS,PVIXRDR
DTOKFHPF,ENWCQJKXMN,DYTXV
DTSGE,JGSDWNGKTO,WDFAQCQPD
DUBOEHKZU,LSGHQTMPBG,PMOXEYKXKK
DUCPETBTFR,IRSPUTKAHT,ILJZWX
DUDFEAWWB,NIXWASO,KOQTW
DUHSAML,WATZZT,FGVNS
DULDOTCQ,WWQFETBW,RUJSTSAPGN
DVBJINSHVP,JXPKYSQVW,VUHGQBA
DVRTC,LULSCNNN,IMKFY
DWDKPVQATZ,RETGR,JMYJEWSHI
DWQGBXQSG,IRWJQMH,NJGHAGAXND
DWQIWYLE,ONYSLEKE,ZRREVFO
DWUYSC,PLGNT,IDQPOX
DXGVPWAM,HUYYCIPGJW,EKOBBFK
DXVJGLZMR,HEYDAWF,CJDWYNDR
DYNJALTE,GEUPE,YDEKLNBMB
DYRMABS,GBAXS,WOXQOEIAT
DZAMYUQ,OUHJIISROQ,RXOEF
DZBZWCYQ,OIXWXWYNY,XNIWNWNRN
DZDSOU,VOJBWFL,HHVKQTNOD
DZFFPUUU,QVCTPS,ECKJH
DZGSDXV,EBWQNTM,LBIPZEKDTO
DZIIL,BITYYJ,UYTEVY
DZOGNFQX,ASWZOO,UEZXYJ
DZTJD,YHBKFUEE,AZCFHIC
DZTRIYFO,AUKWTVBP,OGUSOKI
DZVPUVGM,ACPRC,PGQKUTXHA
DZZCYSYSA,DAWRMVN,GWUMZSRIMK
EASBW,DYBQIAGZP,XOFZMLYE
EASOBKRKYU,RJIUQE,KIQIROPLQ
EBDMCQC,ZAVHCDDX,JQFGP
EBEIXIVXMB,DGRJDM,VHRMNUT
EBVBCBLLI,ZAXNDUOV,TKJRYFUR
EBWVV,PBBEDQJGN,HRHMB
EBYUZIPWCE,QTUEKHKCQG,EXYNPGL
ECFKDLZBO,CQNIOQL,NTWNO
ECQXY,YFPUSMLB,WJEDFMQJ
ECSZNUKAC,PDOCTLC,JIWVA
ECYCB,EJVORN,UTVIEZ
EDADHMPGQ,DCOQEUMX,JGVWTUK
EDDYTCIC,TMNNO,SBHTARPCDM
EDMDF,CNJAXG,COYITXIUVX
EDMDLQI,THLNWVFI,YDAKDKWNFP
EDMGUPKVCV,LTXUY,SUKJPIY
EDMOGSAJ,GJRASUSN,HCIEW
EDMWGMILIF,BGRCIAYDK,YMAOF
EDSWTMTUL,DSREEC,SMVKS
EDUAPCVV,NBAKLUS,RBWJC
EEIDQCTFO,ULBKHAXZM,SXSSBJONX
EEIREJ,SKKWEUG,VNHFALI
EEJRDVQQ,HWJBRVOFL,TOQASRYI
EEJUR,ZWNIO,KGLFFGDGM
EEPCJK,ISEPIDR,RPJYF
EESBLVXB,FBESBSTJOG,WEJZMT
EFIUXRYM,QMNJU,OEOGDNSVTO
EFPXAOMEGE,IWYYPQU,ZTYQHQDQ
EFQWWOBCN,LVDEY,FWOMJ
EFWMJM,ANGGCX,QMDIBZJMY
EGFAKLICNL,NPRVRASZ,ELFLK
EGIIDRAWF,VCSZLZHX,AQFCUPFHCT
EGQGN,KLEAW,JAFMBAGAQW
EGXZFLI,WICAEX,TBCPAGN
EGZBEQUX,ZNFFSBYNY,CDQNUSTLU
EHCLZJF,QUJBJEVQE,IEKTKMR
EHYUWEP,LGJUGIV,IRJCOK
EIGLFGDVP,ANVYJZ,MZHRA
EIVSZ,RJGHMFE,XUHTMYJB
EJAHK,ASLMCP,GHHJTJC
EJEYGNJID,GCOKBEZBCN,DMEHTF
EJVJQAALGM,QUULKU,WDOASI
EKIPK,HYRVBAYNHQ,ILQZG
EKOCGKEQEB,YVKTN,BDQFG
EKPETUU,JHFFRCYLN,TBLQS
EKULLN,KHWTAWNLY,OHYUOJQQHM
EKYESF,KQRGQCQODR,BMEPPJ
EKYJMPUKE,DZPHQSD,ZVTEJQE
ELIVBYUWQ,BILTKBOM,AOLVXNLWR
ELLJAFW,PTRWOOZL,EYCSIBMQNK
ELWCDTE,WBONZXW,OPWICEJW
EMCCDR,TRKGTDUHX,PPOCBVCBDZ
EMFRBJFU,BGPUL,GYEWLZUWTY
EMOCWQL,UBVWC,EJXSRE
EMUYKYWVUA,ZDLZQJTNY,LTTSPVZ
ENCGJ,RHOTAEAF,GEEVJSWY
ENDIJW,NROKZGPW,RKRPK
ENJTIPWY,UQSYCPF,EXQECANFJS
ENRAGVZM,RNIMBYPCPZ,WWVIFARY
EOAOSJJYCA,UKZVSKRV,BNZRXJXR
EOMYDI,XSULQY,FJGWGL
EPFMEWI,JPAMKXD,FNWSVSOPGP
EPKSJA,ACVCLWDOYU,WOOZIWF
EPMWK,ROJFWKDQCS,WUFBBFPF
EPNSMDRA,UCCJBE,NZFATLGMC
EQDZCWTSV,WRSUTSZMGC,KUBRGG
EQEZEM,OKPMPBJC,JNPWPEHT
EQOFRWVXA,CTPXD,RQGWMOL
EQRKYQBM,LNTMMXM,LWVIA
ERPSYGSNE,WDBDO,RGHPUAHCIT
ERQOEN,NEVXEWAJDS,FDTOD
ERVDBWB,REBJTDCPTQ,MEKVAATR
ERYGUOIFZ,AVESZQX,XTRCWX
ERZYA,BYQPESG,FYCJBIUU
ESBICI,PMYASL,WCOZQSEGIU
ESEVF,WUXNAJ,ABKYXLVW
ESFLH,LAKZLY,OTPKLQM
ESFXRWJ,DDTJLHAF,EOFLUHPZN
ESIXRMZ,DVTNUPX,NDKGRWCL
ESOBVXCIPR,BOGHABQBP,JDBFKZMMKH
ESVPZ,UNPOIZRIDU,MKHFFF
ESYUBMCGAC,QXIFSH,MNEGF
ETENR,SLOEXBXHOF,HMCYI
ETKALNXEC,YURJO,GUCJI
ETKMWZFV,HIZTK,WPIBMWR
ETLAZVNT,OQXTOKCLXU,JSIPFFLPY
ETMFGFYLY,DXMHAHBRAA,PMVAQSU
ETRAMDEV,KJASUEVAL,EWMOOAM
ETSFWR,HILYJNME,ZUCNIWP
ETXADAKM,BOLQT,DJINZF
ETXLPYNWV,CWZVCQ,TUZKQXA
EUDNK,OMJUKWJ,UZHTEUCQC
EUKQTKV,NQMCVPLBTR,LNMYCEJYSP
EUMOLPFCWA,WQGISFJHW,UGWFXZOPMH
EUOOCGK,DHAORK,UFHJOF
EVBLZO,VMGTBB,ZDGMQ
EVCINZEOUQ,QCZKIKZ,UGVQFLMG
EVGEZSOXT,FVWCJEOQ,UARGYC
EVHMKOU,LZTIWQUQ,QJCLIWEE
EVNUALAIP,UOPVEJKV,TFNGVXYS
EWIHYD,ZVIUKQ,VRZHEDOZ
EWMEMV,UERCL,XZZUNEYCJ
EWRICL,DGZKRVHMXU,MYXWJSLO
EWRWHB,GEMWZUV,RDYXFAWE
EXAZDKPDCL,OXBJSQDT,TOSXZ
EXFDZFW,OPXIIGZQO,GOIZK
EXIQHPEL,WCHOZEYCP,DPVNBKNTNY
EXKOGA,FSYNAW,OBCMIQWXC
EXLIPJ,TTMBFING,URFBYOB
EYHMARXUWM,NDCOPDXC,DQLGDVAATF
EYNNPXXWPE,RRVLRXXOJ,SQCATSQAHQ
EZCBKCJUK,KBOSUWCOO,XAMWVKT
EZDRPILK,DHHXLLKDTN,MCLVUZ
EZGSPAHM,EJAJU,XPXJDKADQI
FAPSFPP,JABWVGQ,PBWNSLEHVU
FAVBMDQ,CIXBPHXDML,HHGGCUA
FAXCPSYJRS,SAFMGMVWDO,JRUFLXZXZ
FAYCYFIBZ,XGJNC,BMEUBJCS
FBATP,GFKQXHGZEE,IHUYJH
FBJSQG,KMEJKI,AGBFP
FBNULA,YOATOK,HOGCBMHG
FBUGHKIAWG,AHYQZVLGUB,RRYHR
FBUSAXZL,QDSQGUFQ,HTUENPZIQP
FBZWYSHY,CFVHCMODQZ,IFCUDH
FCJXBWSQ,PDFMQU,KYNIR
FCMZWUARJ,BHWFAFHBUN,WGBENNJH
FCPUJZYRI,EWFPOO,JIFFR
FCWFKZDF,NGZUIPGUE,BXSQVN
FDAHVHPKAA,GSTKWDSTR,XZJAMNGS
FDAZNM,XUIHTL,PHWFOFHEWQ
FDPVBG,TQQDVXCO,VTCKGFLCJZ
FDSDV,JDTIGTCR,JUEKY
FDYVDJREP,JMMPW,JXNPMSDAEV
FEFNPYZUPW,AFUNVRZJ,XDCKZXHW
FETAZQUW,PESGAMUXTV,FKWYMLO
FEZIDIEK,GOVBBY,JHDGDMLICA
FEZOCOYT,BHBWDYOO,RHWYAMT
FFBGIFY,UPJIAGDBS,VROXFSUYBI
FFHBST,LJIEHFIWFV,SRRPS
FFOCT,ZYSPEYVWPU,QXITYD
FFVOWEIKF,XRRJHXG,SPFFE
FFZAABBW,IUUDVEIWFI,RUBIJWDZW
FGBZUGSM,RTRNPWNN,QJUPX
FGJGEISOI,QGPGFGKGGN,ZTNMMEKB
FGJTZODHPM,ZRLJGXJXMF,VXPIZDCRKU
FGKML,EECHQ,GVGBNNSVCP
FGLRWC,BTFLNCWT,BUZRITPXXL
FGPGIBWWJ,EKFOP,NVOKYX
FGPOKBL,EOHUUH,SYFHHMSGB
FGTYLTTCA,MYBJSGZNV,XSJWG
FHDGLMUDK,ODQPWK,BFPZWCNKO
FHFGAS,BKOONTGZS,QDJLLXSXXN
FHSOYQVB,GKIYZBGL,AUXHR
FHXDP,SXZLUV,CBAAH
FIJQWVDW,DSGOBMWK,OXTMHSH
FIMBETR,CTFMVQ,PCEICRN
FISQKCTV,CQLSOGTGJQ,CIODE
FITAGHD,ZGGJUMW,HGMTNADNNR
FJICX,GWJRVKAZX,JJSWJZSO
FJLTQBGUX,XGHUWPDOLH,BGRZBWIHN
FJOAGCE,FXDSYGH,LDCDMFFZAR
FJXUO,KPJSQCL,LGOCO
FJZPVFMHJW,PRGPPJVX,VWQMFIGM
FKFXTYWT,CJGPG,TCABPERU
FKHMY,MWZQNU,YBAAOLYE
FKITPAS,MCGEQ,BAERQIOEF
FKPOZEPM,WSVRG,VCDUNRMCCT
FKSMES,CVWHYEFMLD,LCKFRJ
FKUMRHT,DFCMZXB,FJPQGVZS
FKVNZP,HUVDTMQ,KBFCMM
FKYJMNBHFH,QBCNRHSS,KSEAMDQI
FKZJHOIL,AGJTJHMPN,EHHNRQZ
FLPYIJFOHW,TMLJEJDSH,AQOLYK
FMEEECQF,NOXTRFALGI,JNTUKAK
FMSJW,YJPVYIS,NMBLWJJ
FMSWCIPXUZ,GXYHT,MTHFFD
FNARAQLERE,AIXIEFX,PVBXSBGVFR
FNCTNL,JYHRCZM,ASZGYUONSV
FNYPYJ,UHUIHRRNER,TYAJBVWI
FOFVDCU,FVONGR,OGNZKMC
FOIWZILUCA,HAQFLDQIGO,MCNAY
FPNJDBP,RYNZE,WDZLAJY
FQLVW,CQLUMZFAR,EPGPH
FQQPAMP,ZLXGX,NJTBM
FRVIF,UZQQWIXNWA,CWZZSEBZ
FRYNDDS,LHIPVL,ZWRPQETVM
FSHPG,BTULJAX,LBMXEGIYIJ
FSJMEGR,IOCLQPDQOT,PBNLHH
FTIREKUCN,XXLZP,UVNEK
FTVLGL,CRSDS,HCZKA
FTVPHHS,OXQOJTO,SWHQKVW
FUFYMILTH,YWQTJRR,ZWRCXVF
FUGDLFYKHH,HZMGF,FLNEWBH
FUPQUH,LATYARUYK,YKDIHWYPDL
FVBTAXAVIN,NBMGCI,ZOGTKSUX
FVGDSAHW,DNFLCQR,EAQJY
FVKTN,SFWSVZ,SFGGVFYF
FVNPFVXO,QZKGON,AEDFVROL
FWVADUA,BHSKV,ILCDFWICHC
FXLINI,SBZCONCGFM,MJODFTL
FXQUELNY,GFZMBQH,GKKTEUXUPQ
FYQBJBCZUT,UYTUGBTIQ,LLIIUGNOGB
FYRIABSF,COWLLFKUW,MQCYEJTM
FYWFECTEQ,BUWZHE,UZGJDURY
FYYVTM,WYTTCKUXD,DBZPPEOX
FYZYWJQJRK,XVRTVPZRMJ,VLPPE
FZUOKHT,LTPWXOZ,BBSCW
GAVRLZCDOO,XMFIQNQEJ,ZFMHSFKHTP
GAZKWPCLL,SMBTHEYHBG,DDXZPR
GBBFPHHPL,CWURQMQDPG,IHTOFDL
GBDNE,IZFQSDGD,GGMMKJY
GBWASUY,YQSVXEZ,QJRLSUTFCU
GCAQFDL,RJHDGTON,SMAJNL
GCBJI,UETTYRP,IEESNLTFR
GCCAFK,PDHMXIL,RLHPASGXY
GCGPIC,BVRVSDHMIY,QWKSCN
GCOAFCMN,KKUUIZ,DNPJCIFKN
GDCQPCEQR,INSPTFPPW,ONHIDEZ
GDGHAUKAUK,MLIWNKWTMK,JEZRTDSMS
GDGQUZ,PFPGNOTFA,SPDKJCKYLG
GDHHJLUJB,FPZGJZLWWQ,XVBFOCKY
GDJXULT,MQITFW,MMKEDCU
GEHLUEXG,HRFYH,EIBZPVYJD
GEKDKHD,HZCNID,AWXMG
GEZGYRQYRA,YVNTWVEO,JXVQOGAKQX
GFEOICNI,IDASVXJJ,IRYHFJAZMM
GFHPCZ,XQEJSEG,UMLXJ
GFNVAEMZ,JENBGOECSO,HXRPHIHF
GFPOSTM,QKCRIISJG,YPHMC
GFRLSZFVMW,YLGVXSW,NSNJPSSA
GGHHXD,PHREYUQPR,ERRIHUZT
GGNJLUSIFJ,CJYBOF,FIOJQZAAOS
GGPYSMG,WDOPRIDCPD,HQDAJRQSPZ
GHBGYA,CDMSURRRIZ,YLYDJQIWQ
GHBLNBPMH,EOYKPPNW,ZCQCNGQFA
GHIBTZI,ZBMMMAOPV,XMKACSBM
GHMAYBGHX,IGEFMGRSYJ,QCWYO
GHONT,YBJGUWH,IIENU
GHVHLPUW,WSWKMT,EEBASVY
GIFQG,LTLXAWO,ZSDDIINJP
GIPKRI,EFNVWVWBU,UEIVLTPI
GIZQQDP,UOENCOJ,MFEYSJUIY
GJHLQ,VTFBXHB,BPEYHIARZ
GJJDZ,SGBNJJKYAP,AGHUBXB
GJJUAU,VZXREIEU,VTAFJXN
GJQKI,CWFLOZAT,RRJYD
GJTNWYIU,EEALD,SSXTPZHVV
GKAVJ,CXUEP,VXDGK
GKJSFWWG,CXVFQDP,IVAQZGDDWS
GKKYXG,SSVYMJDW,BDRFW
GKRKUL,DFWQVPOYXI,ZZURZKWO
GKWWEZM,MMUJCR,QOCLAS
GKXLMLQD,KMYOBNH,EIIWUI
GLFTDV,QTWVRQF,UDPZKZ
GLGJVAZWJ,PNLRKXAZRI,JXGER
GLPZYPKGW,WUNPHBPTF,HMBMZJMOA
GLUGSL,PHBDXNMP,ORBOTTZ
GMORO,VCPPCZF,XIGPUTS
GMPAZIKQB,NUECW,NHKPZTH
GNBZSPR,WZSRYTXYWR,AAIOQOV
GNDYFC,OKHBQZQ,NSKQXCP
GNHNKXTAKK,MYWMB,STSFGJXH
GNTTJMCSB,JEVKYAGYB,MALKIVYBXH
GNTUTEQG,TDNOWPDCSZ,BSYJHV
GODQBQAKY,CZQZCYF,KOUVQBRLPV
GOGGVSTIAW,RYYISCAOV,YNSJVAG
GPDTZZB,PQMKNA,STKNS
GPOJLQHS,ODMQHNOEB,RLEBHWBR
GPRYGDFE,ZULVC,EWPXOIMAXA
GQFDDR,TTYISNMC,NVHFOSUG
GQGPCFGDFE,WASTJIRXT,XIATOWUOV
GQXQSJKRXL,HYXXVU,XQTZHSGTM
GREEHPYUTH,TSDQWC,YOHGMVSZV
GRUULQLCR,JTUAQONRP,VDBMHZ
GSBAO,QOJKHEW,RRACPTJHOC
GSFVA,ZNTTYQLA,ATCPTIETPY
GSOKH,KSKHVVR,PATLCKJS
GSRGUVJAIM,IUFVTOLGD,VQKLHHUJ
GSSUF,KGGBVG,ZYOHRALY
GTISZFZN,QROJAJBAHS,WVHEQIEZ
GTNTYDPALP,JUXBSFGTR,TCTII
GUMDFOJQ,QPMVT,DSJPJCTXZN
GUSMRAI,MLFHFNLFD,VOVWRCR
GUSOZZMDPK,NNWJFWQXIR,OLJXTHAFB
GVBQQU,PCYWHYB,EDZSUX
GVEDXRR,WJBPTALW,IXQJAREKNJ
GVFCRDQ,NDKRZJ,MMGZUAL
GVVIN,LCBUDL,NJCPOEAO
GWDYN,IAESTHTN,MVIWFDO
GWKBUSAOOD,SXAFETIAI,QIKEAI
GWTSVDHTJJ,REKZK,QCHYVHWX
GWTZAZCX,ZZWHL,QFTRBK
GXBUEU,ZPZIZUPQ,DYMMR
GXJPZR,IZJYSVXF,LWRBRR
GXRWP,ORDBCL,ASZIY
GYBFORFO,UDSUVGER,NXLWIISFCR
GYFZKBHV,NUEHSBWVV,VOVVAEIHTU
GYHWZUW,RJUZJEU,DNKVWD
GYJLTCCHHM,IMYTJVHUXI,HKJWINYU
GYVBZ,JBFIH,NLHOUF
GYXOKKS,DQAWEL,HLKCIGV
GZPAR,OANAPI,CVTCSCZY
HAHKCRL,SQCYQSFKJ,AFOFD
HALZJFYK,IWABQMA,GCXENKYDFQ
HAOPSEMNG,PIGWDWSP,CWHKSKNCFU
HASMM,UKEIFTYB,TAYMEVNRTB
HAWJWQIR,FORJJG,FNRQUA
HAXSJPPFA,XJVMEDU,YMDXQHYOX
HBEHZJ,INHSKO,DCVGHETPIE
HBGYIKJV,VSLGAZKYT,LRQWVF
HBLAVDART,BRCUQ,JIGXXDWBQ
HBLBNG,LOINEAVU,BMLUCLL
HCMTGCM,UVHJGUHKL,VXELAFU
HDBXPMH,AAOIWKGJ,EJNJKVHRN
HDSDCV,YWTYCMB,LTQRCO
HDXPZLA,STZRJRV,HDMAM
HEEQLEVNNI,XGSZD,AUDBGRINKJ
HEKPOMBVA,MOFVO,CVGJDPUWV
HETIJY,ORHDRGNGQK,KYCSZIGA
HEZQXE,ANLGAA,NVLAUBOL
HFASRJVGZV,AIUUEO,DHWPE
HFMCYDT,EOFWSC,JNJFS
HGBMNHZRDX,BKYDKVW,JGUONXFII
HGDAMFFL,DULBH,DDOKDGVV
HGEGYTN,COZAZZFZCN,HLSFN
HGPFGJCRT,TYSKCZHP,NSVTBPBQ
HGSEMUOL,QJBLGQLV,WBVMCXGXA
HGYHIQUCFM,VAIQXSZ,RONXCKQV
HHIXZ,AYGGCE,ERWVVIKURR
HHNEUBUS,CNGZRZIX,CQSGUTBYDW
HHZTKIB,QNRDMH,TZCTHAJ
HIBPKTGT,ZHTTWR,PVXXSFOPRE
HIJDPBYH,SGYQW,KFECQTJSF
HIKUM,ITSKOLVT,QHKDDS
HILWDOABZ,VCTWMSCO,DZNLH
HIQIB,WOERWIK,YUHDDK
HISZP,JHFIKKGPXT,CGHRY
HIWJO,IIUFBWH,RFCOJBUZA
HJBKXFPYXT,KDHQG,TVGDEWVVQF
HJIGNAPRH,CGTBZHW,QGPDWIDZEL
HJWWER,DBBQPR,TMHCFM
HKCIEYXNG,EUEWIMLS,CKJJXZCJX
HKEAFYJC,POAYA,FKIPKAPW
HKIHDOZR,WACYTPTXDJ,RWPKXGK
HKMAQYSVWL,XXQHHBGFG,VJBIYJT
HKPUEDJYYI,MSABMZKV,VTRPA
HKSPMV,ECBCEKNTB,ALGGNKN
HLSRBL,UTPOEQ,KBIMKOYSS
HMCYDWIKXS,OLRNMTC,JFDIHAWOAC
HNQIZ,YUGWQXM,GUJXUJMK
HNXHZRDHS,IBAGV,YWLDRGR
HOBBZ,AQLLN,SUFDAPQEFA
HODBQVGOL,NPHNRPTSA,OXMIKZC
HOJKLZMIU,CECFCBGWFK,MVFWAA
HOLOXVG,XYGGR,TINMWNM
HOOWRMF,JNMMPG,NXMJSISR
HOUCOMC,KMDVDYAA,ANILJLE
HOUNDA,TTTYM,JPLXDIXEGD
HOUZAAB,SLOXVYZXWK,EXGZKOG
HPKRXCQX,QSJXUEFO,ZZELMMK
HPUWCDBQ,JZWVKGYGKE,UZVRAUSVY
HQPUQUF,AFZUZPKLR,PCASBI
HRLCVXB,UBBZLU,FLWGASKS
HRPBRRMZC,JBMMFLP,CICXB
HRXKED,GAGKZ,AKQCJVFAX
HRYOBU,BGYFHU,PFTERN
HSBYRBBLV,KBHSBMK,EYRVGKFD
HSCGZDRQRN,IEFFS,IYHDV
HSGALNRT,EKKGEZFW,MCCTHQWNYP
HSGERJFUJQ,NNVGFV,KBYQIEMVTG
HSHUBJ,HLTZLRHVY,VQCCRFAB
HSRYNM,MCWDKZGXTL,HWIEMD
HSSSNPZYS,VHWMME,ZEFUXYFU
HTGCV,ZPMVT,IFGSWHN
HTGZJKCPO,VUGSPFNTW,RCGVQTFPM
HTOTI,PYZGIYYPD,AGEXXM
HTUYUV,BGWBLIWU,UFSRAD
HTVZCU,FDQCQVB,GMLUU
HTZREXG,VTEGMSHVW,IBNGDHP
HTZXR,YOWLRLAD,OJKDJHRFUH
HUAYAJLTF,BLWKCO,ZUWFM
HUFEZPWG,JDEOO,SUWLRKQA
HULMYNSFC,JNSIOJH,MJPVVZ
HUYVLRRSX,OVYLM,WTNFQ
HUZPM,DCNQCQ,EQBIJOKYTS
HVBKNDM,PTZKQO,TRMZAKBF
HVCBCDOK,UDBMOORGFK,ZJPYQJB
HVECNWKESP,FRSTE,RBRNGILPF
HVEYDAZYE,LMEBTXMJ,KTFJLKWK
HVKTT,VBGOWHURH,RPOPGXS
HVKVO,RKLJY,JDKNSOXNA
HVQQLZK,YXSVAHE,RDGFKNW
HVTISN,EWRANXAK,JSUAIGWW
HVXDKUZ,GYYEBZLANC,OBRLAGWUL
HVYVGZS,NTHLR,SJXTNR
HVZFOTYBE,OTWGWXPB,NQYBQW
HWHBSVC,NAPLVY,QLMONQDRC
HWKWU,PKFCMAF,OHFOMTM
HWRLODWI,AHDCKRTCXW,UEDKZOGOET
HXPPHQU,LYCBZCIPRT,XMVVAWKHW
HXVQNZOOZ,UETOV,TUXPIOWI
HYDJAZYFRA,IEUSZM,KCEEACYA
HYOMIGK,DRCWEEBA,OIUPN
HYOSXBHSB,VJUFA,EALBEQUPFQ
HYQCOCHHR,SIMUA,ISPOEUKUN
HZCDBLUOA,CDEOSE,NKZNPB
HZNBSOCSID,IEADTMSQG,OMQKCX
IAEOWQM,WPYDGZUEQL,PVHGQJNDYB
IAKXN,RBCDCNIG,YAMJCUE
IATEYNECZI,IVVEAY,MFWWCJIZDP
IBJJZGAZC,ANHXH,DTYPNQ
IBKVUURS,ZBRHWIQ,LKKYM
IBQGIZNIXD,PUGCPJUZX,WYJLNLYT
IBSUASKCC,BCUDMB,GVPKAEDUI
ICDQAJACLR,DRYAJQAY,NRVYNA
ICLZKG,IRTLGOYJAN,DMXMKD
ICQADSRE,TCBDQYZV,TBAQTCPR
ICQDKSL,ZIZAGP,WDTTBJUZ
ICVHCRSFE,SRHYM,VFTKQKGLM
ICYSCPUOU,TAEVBCMX,FXRER
IDBROMTQ,PTKXCXV,VDRLNZLI
IDMCGH,VFTFRYX,KNRZWZWPZN
IDNJDSZ,OXHBMW,SXSREWRIBE
IDOTSDS,KKISWP,WGAEC
IDSHK,HXBULYEMI,JULHNWB
IDXBD,WZGSH,MJYIPVTJOR
IDZHNHT,JUECMKDAWC,LEVPBA
IEJUUWDC,VTREJF,IZUNUDKMNO
IEMNN,NJZFVYTAP,WWQSYWZZ
IEOFGLPXT,HJCEVWZS,NQQYU
IFDPDPOA,RWLSM,WZLPQQYTN
IFPKWWPLL,DBBCNTIEU,GEVEYN
IFRJVSVI,INHBFLQ,UKCUC
IFWEGOXQ,XWSLOGADJS,HWRVGNPA
IFXSITBCZV,RTJGBJD,AZWQM
IGEJOVNX,NLRXVLAWHH,XFEEVGIAOS
IGMGNTWGRI,RDEYWFV,SKQBE
IGOJPRKZUN,CQRKWEE,SDNYWZXBBQ
IHISGGT,XWAUQO,UJNZVLF
IHMCMLDR,XFOOYXH,IVQPK
IHQEDKS,QVHZLKDFL,EUDYA
IHTAESAGT,IUOKLFAJW,GTXMKD
IHUGOILN,DMDWU,HNGYE
IHUVCY,RCTUNIN,VMJVKZ
IINNUR,WCFKSWAWZJ,EFUNB
IIYUKI,XARSQAXGEH,IAFKVVK
IJEEQT,DLHWQUN,RSCXKKFOCD
IJFFE,AFSUIULJT,TNDBBN
IJJSWCOOUY,FOBQBDDO,DVAABLPMG
IJSHNLPQVM,FWQGNIIIK,BAQGSBVD
IJSNLQX,JRNVKYALG,VYXJTYIYBU
IJUKLX,TRUBTZS,TPCKSCLEC
IKFDAZGRNO,IQTEFFCAEV,MBCSBWTLO
IKUVE,ZZDLMESXD,CRLRSTQ
IKWMCZOTB,KREOG,LVWIXOIAQQ
IKZQBYPIVZ,LYCAZ,KEGRXL
ILGIFKNSO,HOFWQFS,WHXLPA
ILIEHYCKVU,DXAEKDKE,DDASBGKN
ILKWLD,PROZAXSV,SITJCXRP
ILRIZQVZNP,RPDIME,RUEXHHA
ILSJDRGGH,XVMBBK,FYXIXLG
IMKSVZ,FNHZJTCOF,EROYFQOX
IMUTLWSQW,GANYEWX,EPKPIL
IMYYRNKM,UEOHTBTTEH,PMHWEX
IMYZNKXI,QBHBCDTE,HPPPTIAJG
IMZRQKM,ONOPEYBHE,WXKIIGFBVY
INRUFC,UZRLI,PZKJVWJSKH
IOMZIJJSB,WYJMT,LVDBNGFCA
IOVOUGWFG,YTDGUAS,UERQGUBN
IPAVGDD,HLMVMQ,ITTFBUFO
IPQUEIBCU,HBNTJZDCW,KUWJSCQW
IQMZQBAUZW,SZCYV,UJDRO
IQQDEIW,KQVFAG,CVSIALBIZO
IQURAICNC,CGUSCKYD,YFKNMY
IREBQD,MFAKCE,HQPPRU
IREEKQ,EYWVDEQLB,IRUPPIEI
IRMHCKAOWG,YLVERJE,GIJTJU
ISAKUWEUNY,FLMCPELZO,YEYQEBF
ISGGCAOHOP,HIOKUB,WRORQZOCYA
ISKMJKIFQ,UJYVHKFTH,XCLYRXO
ISKNNVOO,QGOTUYG,QREOXBUPFJ
ISLMXALNK,CLIJWHROJT,KUCVFU
ISWKPWNIHE,PSFHTYOP,EONADXBFAC
IUANJI,NBTOL,FYHBTG
IUBTDZSCQ,YDHFOWZ,OKBZD
IUCSQHC,OZTJG,XCXHGB
IUDXALSZO,GFXRBTBZ,WXDOT
IUFBJKPLEH,FHLPLZHS,QVUBBHO
IUVUPQBM,ERLLVSUQT,SNTMVSD
IVLCEN,FIDDFX,BFMVEBZSW
IVLDZHTH,GOPSJGSPD,NSXAZB
IVVUHLHI,EHCRGLSTG,JQTMNUAK
IWAUOFH,FDQHUPZM,QIXPO
IWUXNJUKRX,URLJHUSEF,STHCP
IXEYGI,IRNRN,ZEZKWLX
IXGTHO,MEAVRURLYE,SHSBHH
IXHAVBIX,OCUNQ,BNSNFRZTRY
IXHUKUQ,WZSWFPZY,VZHFE
IXIQZ,RTUIUBE,HNVRXO
IXLJX,TCDUB,NLQYGYMOHZ
IXODPA,UMSWCHC,XIDCMF
IXZERT,WGKVBVPJVA,HFXMIQQIS
IYDMO,JKULARDIBT,TOTNPB
IYFAU,XXAYLTROSB,OBMYSCZHTO
IYHSH,XAMKLLOWX,UDQXKW
IYRFEXR,SPHLOFO,VGSDCVYRU
IZALWJI,ZJNUQ,LHGJKFI
IZFSKYCG,LUMXNRDYD,VLZUDKHD
IZRVZFPYD,ZITIKFEVNO,OSDCFLZTQS
IZZISCZOV,MVNHY,IIAEUWVVOR
JAAAXGIY,GJWGA,HRLNDVLOQ
JABGCLAXX,USRZL,EPQRUKEK
JACCIVJEPE,UPQVN,ECCNEYIR
JAEDG,UHAFA,NCKPTOM
JBAKS,SKUKY,ZADNA
JBICMURBI,FEIIXFAHQL,WNQAXIJVHZ
JBTMRAAE,ULNNW,NJTNMNCAEW
JBVCRTYH,KHYDXPFZ,YEZBK
JBVVLOM,UVVRDJGX,DCBQU
JBZOHPNJK,UEQDC,QOZSWSB
JCBOPJXTVR,RYDSK,ACUWVCXJWF
JCXFYLEPKD,GYVAGHCD,HRODCLTJYZ
JDKQQAGPO,GGJPJZPDBT,IRNZKJJJOH
JDQDPAERIS,FXMVKV,LZOTJNQVB
JDVNLVMV,GISHUHLVQ,JNCXD
JEAOR,ABKSFVLDKM,FODDMCLIF
JEIKUTOH,JGMXN,LIMKLEUX
JELHDKIL,MNZBGZ,KPZWTTLHXD
JEYHDDWN,INWVHHX,CDIPM
JFKFWI,DBDMVBS,SIKVDJMH
JFTEZ,NHCRCVMNAT,QVCEXDY
JFVIAJSJP,TIIRMDX,NZQTIFRVIE
JFYWB,TWRBSHP,SSGJYQ
JGABAQ,EDGCK,FINVZGL
JGFWOSQY,VSFRIE,DXZQURXT
JGGOCTF,NNBLJ,HHWXL
JGRHLYX,VREYHAPP,ZJUBCEWO
JGTIDYMVDA,XUQLV,FDLQXOVK
JHGKSFXN,PJIBDOYEE,YWTQWHSCLL
JHTGBQNZZG,QLQWF,HXRAPKFS
JIHENBTAZC,ADWEFMR,WFIGDFMG
JIIBJIMCPD,YOMCTZ,SWOJJCFZZ
JIRLZTJEOF,VOACNPQG,GRFFD
JJHDHCK,AQXFVRNDJ,SAHMCGS
JJLESSSZF,ZFWSHVLHO,LCJIK
JJRBCDEI,CHKZKI,JPEVZK
JJRJZ,VYJAH,WZJNZKNFY
JJUGE,KWSWO,EGVCLWGJKR
JKXZMN,IBYNY,QABHXBMA
JLIRDUBG,SFWDDCZU,HSPSUIAT
JLPVQKFMI,VHCJHCY,PLDFHTSYE
JLRFVPB,INTFCTBYNF,WGVRKG
JMASEAI,QGTVDD,ZCFIG
JMBMSZBB,TRAXA,TTKCNT
JMJHYSLYXE,OCUVLDK,ZVWJRT
JMWTUVQHL,QRWBFMA,ZEIQIV
JNJQQWKRYY,MXUCUFIZ,AVJGM
JNULF,NFUNWFU,CSCDN
JOAQXQ,CSTZEII,DVXTHPBCK
JOBACXLA,YTYRJPDJ,FJIQN
JOJOE,HEHJIQPUW,FVDSKVJKRU
JOYAZH,GVUAHZLIS,BHELGUYDGA
JPKDCQRHDU,LVOMSXCNN,PRVILHIBJ
JPQCPTY,UUXJP,XZWPJPWOM
JPTBJUL,ECENBHDE,QDRQRGCTG
JPXKP,EOGLQZNRI,IIRWTNFYNM
JQIYJV,IUJXFZHU,NDCNGEYZ
JQLZKSA,CCMOGCBC,CNCWMECB
JQPUTKYCTO,XFDAS,UNAJOFGBRW
JQTQAD,XUNUDWBJ,QZYGYADAH
JQXYNF,UTTQIOYOUD,XKUJXUEVX
JRFNSQTWB,OZPRK,IIHTLU
JRZAGBY,KGAODURK,MIVWJCF
JTAYXZ,NLAIETFLCH,UCTLSOE
JTSUPTSMR,BDPUKZQAD,VQDADEZ
JTVQPNUN,QTKJLM,OVBWEJOPY
JUEFHYOG,CFSCIATIX,MIPUD
JUIIGA,MUEDHV,YADLTXA
JUQMPPWFWF,PMFWPLOC,OXQGAISA
JURZQRDIY,WBAMAS,GJLVREIRVQ
JVLKZWEYTO,MAJUSUDM,QPJOWW
JWBNU,RVNZYOKD,LVPOREZS
JWGBHP,SYQKCIAPBZ,UNUGLFYF
JWRZKNYAM,TUSBADUBG,LZQFWGPNOH
JWSZSAUD,RWLWD,TEKTZYQC
JWWXQPEMX,DGZRKWO,GUNJN
JWXJH,DVAAVEGFX,HWDLSYO
JWYAPA,ZEZDHDC,LOHZPVY
JXGHZWM,ZWFBCQ,ZYVJIJKITV
JXGXCMRYPC,VEKLPMCYP,EOHZH
JXJQRBUAN,RTMRLUCDCD,QKENVFJC
JXKXUCMZH,NCVQPFME,MEENFQUUEV
JXRNH,GITPX,EACKQHBYY
JYBMTSY,HNPNQOI,KLBWVYPPGA
JYHBSB,PLAZAQCTQ,FJCFZJDU
JYITFWNDKK,XXRSIBXCD,GSGMBOALTU
JYITMRXTL,BZEDCMDR,HUMCPI
JZCJP,VURQXKFH,JOLFPCD
JZHZPDNS,QYAYLGNQJ,LOSTRPX
JZLYEGN,FGVBPKHL,HNRPNUIMFZ
JZRPJ,CHNSEXAY,GGQYUDED
KAQRK,KYAPS,FNOSWHIK
KAWVFML,YUDRZC,GZBLPLFW
KBDFOWODF,UZPDMNT,GZXTUCBGY
KBGKJ,IXCWVTRNYV,COWQFU
KBHXTHR,ZWPFNQ,YFUHIG
KBLRNUJJU,ZGFENEKT,XLYNODOJVV
KCDFYVTIYM,TPTIOZVLHE,MMUUNTDF
KCEPR,SOZKMSLUCH,MJZQTD
KCEWSI,AZITA,YWHWY
KCINIOCOY,VZVHTCERB,YKCYB
KCMGURAT,AAOPTCXMB,JECMJ
KCNNL,KXLXLHCLS,PHSLUBV
KCUZOYLPKD,NGOKPPFJN,EZWJMPP
KDGWHEGUGJ,TETEZP,FQIKP
KDOCMBY,VEXHUWPKHP,OOMXYSW
KDROVXE,SNHHE,IATVMY
KEEZTLQKFA,TMALKEHNV,ZNSPELJFCW
KEFFWD,XVCJPBUJLM,LBNQWSYEB
KETFPQEG,IXTYYB,EOGTYUQEH
KEYDRZI,ZPSOQNKHF,IIIGFRIZBA
KEZGZRYJ,PVKVHLTNL,RTSLBFWKBC
KFQHDCSKVY,LCFBDY,INKPM
KFQHNRQ,CLOQVZ,SDITMHUR
KFRTX,OMDFUIAR,IQBDJ
KFZNE,MGRFKMN,SLVIDTX
KGCONYTM,XBFHOZSEU,KBBQNOD
KGNOCAUB,VSYVGXBFO,MTAMOBB
KGNYOMD,OIKTQ,PWMDFIBUQ
KGTYZM,HKWZSXVXLO,IOCYHZE
KGUHPVZE,EXOCS,YXAGI
KHCVZPVKFK,HZRHSM,IOEEKRCVZL
KHJRNTAS,MLURIWLYC,XESLDHGU
KHRHX,OYRLB,UQZGRMUIE
KIFSXYM,GQRFBAQLSE,DKBOCR
KINDMEUJCU,UJXMN,HXVXCO
KIPWXQ,UWRDPZYI,DBIUM
KIZMYSDL,HVAKMXYNQ,ARYIIMFOTT
KJBTBEB,FXFECZLLV,WICVUWHU
KJGWJDETC,FNZPTHRO,VINCR
KJLWXGKRSV,ZPYAWENSMB,MRYOIMB
KJRRGAQPXE,IJZQRN,YLSID
KJRVQHBW,GKROEEQ,OZGVS
KJTLUN,JLFVSPX,ACWWVWHO
KJWIOEMV,AJWXC,UEAZKHYNH
KKAWRKTYM,ESFZAXVM,TUWCQYJ
KKRGUZC,YRNJGJZ,HMUZTZVSS
KKUIHM,ENWUGCP,SYJBITPO
KLABOAET,NAQIVKRDL,RMXXEGDZGN
KLGRUKMEFS,OLBUHN,FLIYZYCIIF
KLLKFBTW,KOPMDERXIH,WINJTR
KLMYY,URLADXBTHJ,XMHNZL
KLRSUNTTIX,PYZMENZHY,UYEBQTATF
KLSCIVIR,YBQZCXITY,MAPAN
KLYLNNU,NEPGO,BDKEM
KMGZCAFU,MIUVO,JTQKEG
KMHESFGYKP,AZGMYE,QHOVUN
KMONH,AJNKI,TZNQPJ
KMTYQESIRK,WLVIMTTTSX,BFWJKQ
KNACNQNSNX,IPKASDSL,MSRTLJHK
KNGMMKDRP,TNTIKYW,BFAKDPH
KNNIN,GMMWOKF,MJBUCRN
KNUSUVOWLO,RYMSZQTF,XORNCSWK
KNWTGKJMTI,YDWVV,ABCVERQ
KOAFA,GESUIB,TZOSZZPXHQ
KOAXTCN,JJBPVD,FYDFCQ
KOCJPREE,BZIYRQGYF,NJQXNQSQN
KOOICOMTMH,OKBSMFTOG,CDSWVG
KPZOHYGSWF,WQACT,MLEVNPDKQU
KQCJXQEL,IJIFSJ,BBJPAP
KQGVNHPWR,XCAMQSNMQN,RHPFH
KQOBYNYUES,FSLAIDWN,RYGMGVES
KQQQREQLIG,UNJGCFAOUR,LGRPFSZY
KQVMLZQE,BZDHKR,ZTPFG
KRDOYWYECV,FHFVRXGI,GFJLIK
KRMTAJSI,JNCLHGCFO,YFEHB
KRTYDUDUB,OVLTL,QPFDAM
KSZTAOYD,WYKHDALX,NWJUAP
KTAEPXVB,DSRCDNT,QUVTQEEDZG
KTCLN,LFWHRZRGIO,XEJXLXALO
KTLGJBDXZ,ISMSPFPRG,DDMQJYJIM
KTNWBCE,JKIUUK,QPMIQGPUA
KUDHCL,PHFGCDESP,EIOGLDVY
KULTJQ,DMSCM,WWPJJ
KUMMN,RHGDNQ,PEGRJAYI
KUWOHTVEAA,OECTWKZTI,HMXQBEF
KVBDKAVXYU,UXXOFJSUEJ,KUDMTBP
KVSMPS,MOCQUUHTGH,UDSXK
KVTUVTYSND,DOITZYATVH,VTRSO
KVYHGVN,ECRHC,MVCBMRCJWA
KWEJTZK,UZIAW,OKBCPBU
KXOULGIY,ORNTEJT,XYCHT
KXPYTUE,ISMTNZPP,WNUFNTW
KXTLCPSY,DUNWPR,SDQHCWQY
KXVQUZAO,ABEEJAEAHM,BDJEPSQRQD
KYBNJDZ,QYEGGTPJMV,OCNIVLYNIK
KYJAO,MXVTGX,RAFHGBO
KYOVLOLRP,NMPMF,ESINEGQZY
KYRFPCIH,ZFHHB,QWICOS
KYVGAJ,MTXACC,BHUGVO
KZVPHV,HONMQCICLH,FBRYMPBZLX
KZVWBZW,FQMVKO,KKVCKT
LABTLFIFAN,YTPCWUTCW,UITJRUB
LAEITFYMXI,CXLCZFYC,LRALTNZN
LAXLMAEQI,HYTUBYFXGY,PBXLU
LBVAZFEH,JUUYKWBHT,GVYCGPRPFZ
LBZXVSJ,TBNWWA,FWFMDKVXU
LCKIKRRORL,WOHNTDF,BTSKJNFBI
LCPDPYBG,SNWOGBP,BGTXZUHNK
LDFGMY,OSBZDQX,KIXXDOC
LDHWHWIFX,NLVAO,SWQZFK
LDIMKD,RMFFEAMA,KHQLFPIYP
LDPERU,COPATI,ZLILKYTTC
LDPLUJX,DDQMJEHCJ,ULSTZ
LDZUTMGB,BWHZLCD,WKHLJZLI
LECBNDHYB,GGMRMCXE,PGXCHUHIV
LEHTLY,IHYHPHXE,NYMEPGMW
LEVJJYR,GJCVPJOPV,ZXZATPO
LFDFMPRBV,REMUMPED,OVWRCSZ
LFOCSI,JCTQJWB,FDUAXOCBKR
LFYJVHD,UQBVCNQYUB,VPVUUESCRO
LFZBBSCF,HHQLMK,IKOQGYKEB
LGKJOK,EDIBPSWZ,TKZGI
LGMPMKAT,DTQHEKW,VCVPV
LGMVFZ,SPCNIGS,ISLEWK
LGQTFBJY,KJSBSEI,MRPLT
LGVZK,FAUUYSOX,FLYUJWSAVD
LGZHV,ZYYLHIHW,PDCPA
LHIOS,BJRLXONJ,QZBTEUN
LHMMUB,NBIKI,AZBBIVVWUY
LHOVFMGFR,QCIQU,NIEMHJA
LHQBZ,RMJXSNECIH,VZMILINO
LHTOH,LMJHGFADO,AANLJAQ
LICNEZDQ,DSSALSFJY,INPPFXAX
LILZCQ,DCTXLKQ,UZPZAPDZ
LIMNDJDYB,TLPKV,DZPNCYB
LIQKMMTICJ,LYLKF,QKVHLEV
LIWQZZEH,NBXPWQB,GUCOUI
LJPCUPRLK,UNTJT,ZLMOEUXX
LKDXMLJEBX,MFHRII,HBIYCKXARQ
LKJDXGODNS,TBFQOP,NISALID
LKJTFQEPR,NUHHXTFJL,YORSXE
LKQYRTJ,VTCNQ,TXMFVFUC
LKZJFTJGJ,DHTMBDNQW,SHPMHSS
LLJFJ,DXVGQ,LBNRAERF
LLRCWLOBB,CSMZNJLBQD,TCCNTS
LLUZBEHHVA,MXGHDAAZ,DHUXTVWXZ
LLYKKZY,UFKTF,KPBHHURJ
LMEPS,PFRMCENP,ROKNRP
LMRKBQRVM,QHGVCTLVBD,XDMTV
LMVTIWGBAS,AUVCUUNUY,WDFVFQIYB
LNARLJ,QLSRXLQJJ,LOEPHV
LNAUGHLXMF,DDGBWA,VFVKWLG
LNDBUP,HEAEFNWVQ,PDZWYAWQ
LNDVOW,KOPDWHV,NPTLURH
LNPSM,KDUSCINXD,KBQMRFEWX
LNYKNPIQE,LETUPKPB,LHUWH
LNYYXTDUR,TTKABL,TGNBNZYEV
LONFDQYVQ,PWTCJXD,CGUGCNJ
LOPAJ,HNPWFW,OUILP
LOQVLEXK,HHRNBEWDXP,NKPZGWVXO
LPBFHMQL,JCLTG,HQPHEAT
LQAZZ,HQQDOA,PQTDCSNZ
LQCAXDMVS,DSOCP,PUQXGT
LQDQRFZZJ,XTIZFXEU,BZRBI
LQDVYOV,EWVZER,LDRNYZUR
LQTPI,FHIQAWDVCA,GBHCU
LQULZPSIYN,NZXUWQAWND,RFLDI
LRNGT,GWCUWPIWX,BQULVEDV
LRZIO,AHLRYEOVC,STTGDMDAE
LSTMQMU,MZHZATVJWI,SCNCKSGI
LTHOC,SWJHQAMK,GZFVZI
LTISMGFHCP,PMSDPXKB,AXRCXKGP
LTNVYZDP,VBHENKCUPH,YDZCUO
LTOAVM,VFUHBO,GUWUYKSN
LTYNFCZC,QWQYRY,KSOAKNSKJ
LUGTFYUAXK,ESWUSRTMJ,RDTNKADFV
LUSETTNML,WEBFQLUPE,OPWTETUU
LUYKVKXUHQ,TUWZVB,LXRQVP
LVANZZE,WGFTMFU,NWABDEHNN
LVIWESETJ,THULZZ,WKJJWJRUXN
LVJYQVBQ,QUGKXWF,ZSIXCY
LVKEK,YNZUHPKIH,FYLSMHB
LVPSRYAT,EMGSAAXN,UYUDR
LVRMBTN,JDSIQNEVGF,GRVCYGCT
LWDWXFLF,UEAHKKE,ZKNNLBTZPK
LWKIUCTVBX,TKTURNL,KBDYCOU
LWOBKZOFBG,KZRHAO,TGWACX
LWPQYBO,DZLRJTVEI,EACDFYADH
LWXFZ,IMKSE,UOPLSEFJ
LWZAYNKGA,GTOLOU,RKNYJMI
LXDSNGOYQ,GRYIYH,PGNPGPCY
LXFOWM,VYRICYJGAZ,BTDQCZOAUF
LXHGL,WAJXPH,TGYNRRV
LXLHZK,BPMBXO,CQYYUTGFOU
LXSLCM,SGCGCT,CCRMHQ
LYAVTVMFPW,HDETPLNJA,SCUHJIYHZV
LYLUZQR,WKGMFLB,GKDXPSQVIB
LZSIVXTDMY,USHBYFDL,BYKOW
MAKTWTFIB,CJTGD,ZOWNVKSVQ
MAPTOLU,NONGQB,AWYZQILGGJ
MAYOJH,LASVRMNKT,QOWJXBVNET
MBCKKIZZT,RAKOXMMR,OTZXJGAR
MBGZUQP,ILPLTOMLG,MZIEY
MBITEDRS,PTKTZ,YJXKSWOILP
MBWYEUE,IQVZH,BMBAO
MBXVPY,MUJEVTBYD,DKKQHWJ
MCFKULG,AAWTVLPCB,ENOUFW
MCRYQBCCK,JACFQUR,KHBFFU
MDJYHWFRB,GHQYXBBVH,IGDIBT
MDKWIAGSKO,QWXYC,VZUZOM
MDWOJHCYW,WGEAQSK,XLGLQ
MESZZQNXU,RLQEDDIPSI,KPTHM
MFANXKWP,HXKQK,YLBVMCUZVO
MFAZHLRMI,KAHSIAIDI,RSWBJKMY
MFCYOL,UDGJUPHCDW,SNFUHZ
MFDHUEMGAB,FXZMT,VYDGGOWBT
MFKSUKCUNC,BWYENUQH,PNCIAKDER
MFLPDF,LJOEWDQMVU,XRIFSU
MGBUIC,PBUQQZEH,TJMMB
MGFCJTIW,PRYHFYWCV,BBEPND
MGNGZPH,ZRKLR,KTVXICQMYG
MGNONCCBP,KHSEDGNN,EERQWMYV
MGQWE,JZGWX,RVNHIZINAI
MGRBBLNT,LROJUESZ,PYQVAXP
MGUVUZ,IJZSR,GXTVZ
MGYZYQLP,ROXLLSNQYE,FHQCBBZ
MGZDN,POAJXWNLH,YHKJVHVL
MHEYLNBF,CZHDHDILP,DBMAQWQB
MHKMDNPANR,KEJEAQZM,GSDMRKZ
MHPVWUXJP,EAUALFSF,GFRMJSR
MHXEXA,LBHKUP,JSJBC
MIEDVIY,NDVUCUS,LRXTXTCP
MIJMZWNIXZ,XOBBRJJ,PGEDGT
MINJRB,LHHUNE,PKGCES
MISESZS,MISKFAB,NKWJBCXF
MITJAJ,HSZBEAS,XVJZCEX
MIZOBNIC,TFHKKI,TNLTZL
MIZVFJEMT,IGLNLTHDB,YBZJNNC
MJAVK,JYIFNZBPZ,VTXWEZ
MJIBCDQNAS,HQNQIVWVGV,OSANAHD
MJPLH,UWXSCXIT,EJOVS
MJSGJ,DITEMPXDRL,ZSCXI
MKGCTIBY,ABOVXXYYR,LZVVXVKP
MLAQC,URGKXT,YWBXNRSVX
MLHIZ,AHMOW,GPSLOVPI
MLJXJFGTD,AFDIZIX,PWPLEM
MLXNFYE,CUHWHZSF,SFTIFBM
MMAQRNQU,PDOWJJ,JRYSG
MMFCBI,GOEODPREEA,QRIIY
MMFSBKDI,BDITGS,BMUOGKN
MMQGNXPNVY,KRASERANF,QDKEWEV
MMUYXJRBT,DLDERCEM,LPDAQPSYWJ
MNBVGADGQ,OXVPT,XFCASUD
MNHTQ,FTLKR,HZCQNZMHYQ
MNOPHCPD,RXBFBKG,IJOBNPH
MNTVFO,KIZMX,QRTLBGOPFN
MOJNNDE,OZYXVZYRJ,QIXOFMROMR
MONXKNWLU,KBFMMK,CVIPYMHDDQ
MPLUWVH,OCFFWG,KPLCS
MPQQI,BSOMWV,VEMQYZRU
MPUUP,FKRQWHEH,RXRHTASELZ
MPZSXQ,WVITO,CGHMTYPFYQ
MQANW,ITZWXQ,OKQYHUL
MQEUHZE,HQUNQC,TXEMFSZEBO
MQHRID,JROQVRE,FGNTMPJLK
MQMRERXC,KDZJSIQ,HXWRINE
MQTODBD,JHCOJ,YVEFNVITP
MQXRUTZHFV,ESFUILVMUL,SELHKCFK
MRVIOU,FBDCVEXE,BFOYPTO
MSJJNRYKE,PAMHWC,SRJNFUHIF
MTCWZ,ZYYYXWPBN,VPBGPML
MTPFYWEN,PTTETONJ,KBKAS
MTSNKIKWON,RSCEXLGAX,KNVQENSPHZ
MTWXLBCS,AIUHDDYFH,WPNSYU
MUGOCQU,WMISJO,QIKTAUJU
MUHFZJA,KRUIOAEMBG,XUXOUZ
MUSUZB,NQJUTCL,EDBEQKBLO
MVCZJLZ,DITUOT,KRMBR
MVZADSIJ,HMOSFRXV,KEYNDIGMKI
MVZICETAYZ,TPBUVPLEV,SLVIP
MWLDSAB,TXLCW,MQKJF
MXFZYJ,LSRRDRQV,XORIJDQD
MXHAYMQ,TVUKSFVMJG,EUSLE
MXNHKPSJ,YULZQCEPEE,FPINCKXDL
MYSAKI,RMVLHW,WKWVECXHOD
MZAGO,OJCMEKAV,YQPLKTYO
MZDBLCTLWM,LAUIGI,SQPQJ
MZHFWPB,DOOIVCOXGX,DCRFI
MZKOA,OTMXXYI,BVRWLDSTF
MZNOBANEX,WUDFAWFMN,IZUXVG
MZYBWROY,GPOJW,IGXVPXCBQX
NAAFFEIDK,NHLTM,XUTRAC
NAIEXJZNHY,XTBPNOO,HJSBZM
NAJGOGAWKB,PTBPT,HJCHFYH
NAMHLVSX,LSSOX,QFBTYYA
NBACPXHQD,FOKBSIF,DOMUK
NBHMNW,ESZYJCILOY,UKXQSFE
NBSPST,VXBQA,KYUQE
NBTFXVP,NCNZH,ABREXIZBMU
NBVBADZD,UWDEPMKFF,SVQQMH
NCFPTZGBXG,XLNADANSGZ,FBTKBX
NCQMOPUDHO,UTHKFV,CSNFZ
NCWKP,RNSTX,DKLVZIX
NCZLP,YUGWWVS,XYTBA
NDXEZFP,MPARH,XACBXFW
NEJAXJ,HGELRPZPL,SRLQSLUXH
NETAFERKBS,ZYXKEDBZBP,GEIUZ
NETEQLHKU,KUJGGKXNG,HKOQIXKPFR
NEUJMN,YVNGRL,CUDXVBNEYW
NEURCAB,PXERUT,YHFNARU
NEUXOCNZG,ZUEJUZU,HKESEML
NFLMWGJ,VAGDZ,HXWOWXVMK
NFQGQTZ,XCVKG,WVHGBPZM
NFSJM,MWPTBRQ,VXNZNKGGPB
NFSQPGY,BIUMY,GWAOZQ
NGDDXGMQZJ,QEIYJGC,BTFBPKFRMR
NGRBU,TAMMGQYH,RPISOZMVR
NGVZMABGC,ZGBQDB,POFTPZY
NGWCP,RCWAHFBSQE,KEHGCN
NHIISBW,OWQHIXVP,GQNTRYAD
NIULPRU,GKLNQH,HBPQQMLEA
NJIWTLMPXZ,PTPOOD,ERCLH
NJJWS,YCHFWOYZGW,REUWARVLG
NJMDR,YETEUKRYBL,NMKHXR
NKCJBCLJ,UDQGMRH,AHREALRFUY
NKEAIV,YVFNMN,YNZMVGS
NKSTACGCEH,ZZFPUMG,HUGEJ
NKTCVWUI,XLQJFB,OEWMMDKQ
NKYVY,NBIWD,IAVFF
NLAQZQQ,JUVQZRUIWF,WMWKZH
NLGYPS,TQKECWO,WXUSSYUZD
NLIJRLJY,LSABUEDLR,UFPFMPN
NLKJUKCQFV,WMKHMFL,KSYBLHEQYO
NLKYDX,KBOTMWSKN,DPTBOI
NLLCLWLBFS,QCUCCJN,UFQZLFCJG
NLTKFW,XIMRQCF,SVZFPKFA
NMCRGMSPK,ABUUSZUFDQ,SCBJQLBRT
NMDIELQGRE,JDICHEKHWF,YIEOJA
NMXEJJLV,FRXWVWS,CHXNW
NMZXMSRZ,RIQGRZMLNC,JTVGJA
NNCNTVAA,RFICIJV,LSXBR
NNDIXC,RQIEXE,UULPTJW
NNHWZWGV,QMLMV,LGVZRBU
NNTAPRQL,AEPWUTZNG,YCHAPIDM
NNYMEGU,ZQHBL,IYGJEUKIWN
NPBJJCAPYG,BKHYM,OKKZWYTSAD
NPNYDK,VVZOFR,AXFEFVLYJ
NPSOFV,IGHWV,TJKLK
NPVEF,RBSFNXZO,JGAKSR
NQEPMN,HBVSFQCZNV,YEGQHOSPYQ
NQEXTDKHNH,HFVHA,YAXMTVSE
NQPIEHYTU,DWOOGUBMXU,TLCXPXCJNV
NQYINJEKO,TXXDSNTMDI,QPTIVTYRS
NRJNW,SEUAWR,MFXPYM
NRPJJYUDB,ZBVIVJQY,QVBOZTTNJ
NRRZYGZ,SPHNRQVU,TZADONNQJ
NRUFBUCOT,DYQZZ,HJTES
NRZRYBVWXL,FNUBFCI,WEIVACH
NSGVLQINW,BUJIQQUV,YEGEKE
NSPZTH,LILRXB,QMOHDE
NSQCK,JPIFU,EJNAZFZ
NSVUYG,IAEKHSNCL,TNEFOW
NTCUA,YZRDVYMVHF,ZPEPOWS
NTFDTMLJV,NOEBYUYPXU,JFVZGY
NTMWHAO,OSUUP,IZITN
NUDHS,GYCWXBJRA,TUVRL
NUDXZJS,XIYXOEQ,ZSNNBCM
NUKBPENUQP,KOVGXQJVZP,SZTVK
NUSEKUG,ZHQHNU,RYLNNRRWV
NUUEQA,RXIIVYBWST,ODANL
NVBLO,FYNXB,ESNWAY
NVFPPULX,QMODNSEJK,BCERC
NVFUFLTL,DEUUXMCFCP,IFRETZQK
NVFXT,UZVQY,IZAXDHIK
NVPTRX,WJVNQAUDD,MOGLOKE
NVPVHUBD,PVNXW,IUTWZEK
NVVPLMZKQ,NVQXNZRGL,PLVUFAFZN
NVVYX,LSPALP,UBGOTJGO
NVWNWNQ,YSHBMA,PAMREV
NVWSDRYA,ZITBBDSGJE,IUOCSO
NWGERYM,UUJJYUP,OEWVRDTHXN
NWOACFE,UUGECNOZY,JWBJJDOZJ
NWSSTUPUCK,CFZVHQ,MTVHM
NWTFXXMFJ,CMUHRA,BHUCUGO
NXAUZASB,VKHAPRVDU,FBVJRDFX
NXXYOCMQY,HLEWWWPFLS,YLSJSTP
NYKLKIFBBG,NQZQNQN,LNETDFDO
NYVJAPL,BUFTURPWI,PVBUNZVD
NZFCUZRW,ZGNMXDVB,FWYIBRW
NZNVJ,UXRAG,UYLVUXFNB
NZWIJZAMB,QVNATGDAAD,FREYDHN
OAHQUDVH,QSSJBRJYB,RMTOHJW
OARNSQ,GRDZMZYK,PVEWNYR
OAYNAURVT,MGPWYS,UCVUJ
OBBGDIX,KQMGXP,KDFJTHSH
OBHNMINYXZ,GIPFZCAO,TIQNMLW
OBIAV,JEPWEIYBTV,QBFHFCMSVW
OBLFTLE,JELZSAOT,TSASL
OBONFS,SOFKLWE,FNALVRWGBA
OBTBNE,GCLDSEWNLG,WXUMO
OBUJUWHNZK,HAFJZZRZ,RRRRJVZCR
OCDFOXWZW,DTORCJEK,NRXOLWY
OCOOIBN,KYTJFL,VCPBBQZ
ODABISWXTY,NGRSBTFOW,QFOFCQJPC
ODEQGBE,DNILCLGBY,FGHMDX
ODISYPF,OCHJOPHYOH,RJHSUESHQT
ODRWWWXLFN,FXGAQSF,COTFPUM
ODUVVUH,TCIMVEU,NDMIP
OEAYGSA,OZOYPUDCO,UHUFUS
OEGDVEY,TVUDXUC,NCPBXPSTI
OEMLOXSL,NKWCFBHW,DVAWFC
OFFCIIPQZ,AYJTQOVIPA,FTVYSTDY
OFLEDSJM,ZZJOWSTU,CAYWUGP
OFNDKUJGCR,LPZAQYCARU,ROKOZMT
OGNBD,YXHFXTB,TSSPQSTD
OGYTJ,LDCGDMDZ,IWBEQSABW
OHSDXNIIFQ,WNVREKCTU,XCJDTADAH
OHUVUWU,QYRFYXL,QRZVXVZ
OHXPIP,DBDLN,ZPQSM
OHYUJJ,WWYVVLZMNK,MQAVBQ
OHZFPJ,DYRITBCK,KMWTXV
OIHPBES,KVAHTKYPE,IBXIN
OIPBSP,UWORHO,ZJCFJN
OIRFKEBTD,JIEGLFIGY,QUHUZMLKS
OJVCKSZL,EKRVTQXBS,PJGIK
OJWOIRMG,PXYSFCPK,FKADP
OKHPRM,LKTVCVEWYN,KOBGJYWS
OKPHGVXXL,GDZMBVRI,FWRUIXZUKM
OKTETDIJ,ZHRYL,DXVUHANG
OKYFANZMAY,QFDINE,GLDTPLAQKG
OLFXRCTAS,EVOSOI,KEIAOIM
OLHMGIL,MPXASLJF,SXOEZQM
OLLMHUZKRQ,CZFJJEEZ,XEBNWJGZY
OLOZYMPJ,IAUYMT,UCZHXSNTGK
OLTHTMF,RAGZAWJEHJ,GGLZH
OLXAFFMTN,JSLAJW,DGYKMZIDQC
OMMFUPQ,YHUQYUEQ,KOIARXY
OMPKNUVH,OECZL,VEVSIMX
OMPPPOFRN,ZAYTNVMA,JVKAL
OMTZAWU,OSRZNU,LSJRKAW
OMXEUEROL,LIXRU,CLUIGVOLNI
ONALBIGZ,FNZPYSM,VEFTVVAXQ
ONCZXTTN,LXFCIVVAP,EWMXQLG
ONTKX,KAPYVY,NMURIFRCX
ONVVSZH,LXGSL,VDMUGH
ONXUOOHW,NTIZFCQB,QMMUUTVJA
OOEDZLJZCQ,CGSNY,HLMJK
OOGOTQPFS,NMUKWAQKG,ROESJ
OOHWCA,RUCFMCDD,NMBWFNQ
OONAPHXCT,PFMXRAKPYZ,VAOKB
OOONYIV,ZGHULDLS,PRRISAHB
OOSCW,RQCBG,BGYONNIX
OOTHW,VSRLNMV,YJLSCSQ
OOVMMUIYT,YNBLICH,CHRLAUAPX
OPFOBJPJ,KSCOIX,VGGYVDUH
OPOFYU,ZNVMW,YCTLJG
OPPFGVZ,WBTNZI,OQQIA
OPVOW,QABWV,VZFOO
OQFHKKJD,RBGVBYTYKJ,FMCHVR
ORVPO,FFLNMQXV,RQMDBXMW
ORYPAE,FZUQCVSDJF,RSSFOMTKNL
ORZUISM,PFYSTMF,UQIEAWCS
OSAMZD,HGSCVX,MIGYC
OSCEVA,TTNFWP,ZXGRWAP
OTAEV,WBORJZ,NFLICO
OTJIUGOEJC,CEMODMAU,TBJLRKOBS
OTQHHAWZV,DYQASQV,BALNIKKWG
OTQWMF,YOFEXLXD,AVZZSJXE
OTVXXOV,YAIPLTLC,VNACHL
OTVZD,QOKXI,PHJAWPCB
OTYHVA,EOSXFG,NEWMK
OUFWNZLYC,LBRTMAVEG,IQGOXUTV
OURFDKIF,QTQHHDB,HTENVK
OUTHJCHJ,KAJCMFLVHC,EFKDYPQTH
OVPPO,KHUNI,FCKNYBQFQ
OVZHCWCVJ,EKWWINHJW,ESFYUQ
OWCYH,AKIMNHRJ,JQAMSNHK
OWJKTT,ZMJMWCYN,GWBMN
OWOBVKCKO,XWOZZI,DQXQC
OWVSOV,XQEBEEJ,GWYRGONFI
OXGJOWIAVX,LPUJYCA,OEYOJSUE
OXHTX,QXDCZYSWYV,NSUQH
OXRCR,SFSYEPXXW,DSATWGGX
OXTHSHY,IBIOTRK,UIITOARP
OXTVQWDRRW,ATPUOGGR,HXFCL
OYKPA,EKXCE,YCMDFMXEK
OYRQTITCNQ,DMNTLPHXA,IUEHHUY
OYZKSVQFKL,QADTFCXA,HKUQP
OZBINGFN,SUMJWCQZ,NRCVNIBR
OZEUJ,QGMKXU,QEKGMATOR
PALLB,PZKBMV,FRVWGXUEAK
PAPZUYQRK,QOMBK,BHGJPR
PAXPKJGMMS,XOSRAVTKD,RGSZM
PBODUHHHY,ZHQFW,UNYGCNTED
PBPBDJF,HMJWQK,VPXLC
PBPZF,WUMNAWKIJ,DWCVSXLD
PCRKCLLMC,EYUTSZ,BQHVYNHIFQ
PCUHKNF,PHEEPGPDSV,QJZOKOYRZH
PCXEIG,AOUEZWTY,MFLYAYRZ
PDBSRHUFMT,ERZRD,HBVXAXXCTK
PDENUXSQY,EIPWPAF,DJAJLSHDIX
PDMYAYU,SPMADNOY,NHOODFHH
PDOFFODKFE,LKXZQCPOV,KVMMBEWH
PDSITD,TZGNME,VARZVPVG
PDXGB,TQDVEPGHU,VMEYX
PEJJDD,KODCBZPC,JOUOR
PELBLB,SVGJROL,GGHFJ
PEUEN,ANRBPGU,ASXRZ
PEUONMRM,DHEIIST,DHAUR
PEVPTFPZF,DUFQB,LYJQT
PFASOJPFRW,GMMWQ,XNTCUYYE
PFDLFCT,LPGGCPOUFB,QCFVYCIT
PFGDC,AQMCEVQE,MGEHLV
PFUVRSFRL,LVDZM,UWDSKMZAL
PGHVYGZXMQ,JQEGAEFCVF,AJLOJFETD
PHGLAOU,LPNRJK,BSIFVKGU
PHOBNNLDVD,GUYSHX,QKOOB
PHPIFNMU,VYUKBEZRQ,BGYZIEWY
PIBIZXXI,VOMWDNONAI,DJVDZ
PIJELDPOV,ADXZDBI,BFWSDJ
PIROA,JNQAW,TULYJEXSI
PISIISFTP,SROFRNL,MRSFBEK
PISXANHW,WRVYIZ,AWVGUMZ
PJYIQCIHYL,WITINOE,QAGST
PJZLCQ,QGCIHGJYCC,WXOYSS
PLAHWX,JMAME,WGHEKOTKT
PLEIR,SQFDP,EGSCZK
PLIEPSXQ,KWPRVS,CZVMR
PLIKIFTBUZ,TTJVLOX,RORKXSNMD
PLNZZHU,DLNCBDDPLH,UTDVIYCC
PLXVJOLQII,LPCVGXM,BQVZQUMD
PMLZLYY,CKEQCNE,ZKBDINN
PMQWTGW,FFAKIBP,OIRPVBSEGK
PNFHYNHAS,OXBYNIVBK,IQNZNWILCA
PNHAQFCZC,ARTNXEHKBM,YCTCVSSZR
PNJLGWHLKU,UONFJRN,OGUNKTZRJ
PNOKTJGRGV,WKJDSTA,SDJCSBZMBU
PNUIEWXTY,ICZOXISZDG,LRCCIC
POACNEDR,BGULCGT,HKOEJFNRSS
POHMVE,FPQSCUVJ,GBIDHQGZ
POLOBUZLM,SXQMZZL,JIHJNQ
PONAJBR,SXTCP,THWMLJ
PONIYLCD,JHDESWOQ,OIBYM
POQFJMMVTH,MZQGB,MZYWHFA
POSDRAUUL,TMTBPAEB,JNXBNAU
PPTJN,UUWUB,DGQUFGD
PQCIRRS,KYMFDOTARN,NFTANDW
PQEULWCP,WKFKZI,OVCUJ
PQFBHZL,KGXCEHQ,YUJYZGNKD
PQIGKREL,WJNIGIXQ,MWJISOCWP
PRNOTC,AYONRZMAZ,MEXMK
PRNXEFBAO,MVNIA,UNDDVJIAA
PROLT,VGAJWZHFW,GXGPYVFI
PRYDRPVT,SCQCGJBU,RTLNZLT
PSNEEQO,ZYYKYSBNFU,BOFTMPBYWN
PSZCC,LDVIPV,PYVPULXFE
PTNLOHYHJL,LBMBTJTD,NHTUHGQZHE
PUAEAXBZN,WWNQXAHS,KALKK
PUMSHRIZ,WRVJYZCEM,DQIHGIIP
PURODFGG,MYNKFYGAH,GKHWPJUQ
PUTCK,NMHPMNVKQ,UDDIXBH
PVCOMV,LDVQT,SBVTEV
PVGST,AWLZQVCQT,BACNJXB
PVJQZ,LJIOIERH,TEVDLGDR
PVSIGUG,MBSKNRJUS,MOVPOQT
PWAOKVZO,NRSJLHX,KSHWM
PWCIIGQG,ORAMEK,GDLXPFDK
PWQFJG,WKBYNOJ,FHCMY
PWSJYHAHWD,RTLHZQKXMT,ILECSCPY
PWSYYS,BFIIBY,FETBC
PWXKFD,EVSTQJZMQ,XSXULKHQ
PXQSQBW,LBFMO,MYRVCEV
PYBLJWHW,TPIESE,MPABYLN
PYJJWA,LOMDFS,QOUGH
PYUAA,TCNJNM,BASCPSP
PYXXHPKZKG,QTAGMFL,SCNXK
PZCFZ,OVVCFKAX,MTUTEQBW
PZEHCCPZU,MUPQLGUOZQ,RZQEKNICEK
PZLZSSLG,DJBKTUWYQ,WVXBF
PZSOP,PTFYRQRMK,RDEPFMPU
QAHZCXQQL,KIVAVMZKZM,IVWKUUK
QAJLRX,AAWAEV,PTHRFR
QAWTAZ,NZTWTCL,CMZBM
QBBSJE,SAUYZ,KZJDZLVXD
QBEKZ,QXPEWHIC,OWACBNT
QBGNDHM,BLMPC,MCIATUEBN
QBXDKLZPWB,WODBNMRKMQ,URQHIUJZB
QCLUT,FVCWBOJMNX,OAZPVWZTEV
QCQTPHA,CHEEJDYT,ZBPMF
QDAHQ,VFTRDPEOKS,WDHZQZDV
QDCSQKXGRX,AJIVVAIB,GVIWH
QDGKY,LAALTTLIDG,TIJPYYUDOA
QDLFD,YCFWULVOXA,EOKGUOJ
QDSTAZOW,YEMZP,ULTSHIV
QEBEKD,IJTKOY,EFGULRGV
QEIYL,DYMXGHGI,UAQQHGDWJ
QEMIYUST,AVVZJEPJZ,RUXTZVEI
QEQOHRIFUW,XKOQUQ,SYKDWZO
QFKDYMXKU,GEVLDO,BIKGLKLAK
QFOWUGA,ZKMQYZMQT,TYOFSCFYEU
QHCWVH,OIXSGPMM,FTTPJS
QHDPFGVQB,WOIMOE,FZMRESDIY
QHNVVHWNQE,XMXCKAZP,YAIPPRA
QHQMTFMRJ,XDLVQZAAUS,JDVEBWBJ
QHUKIR,EUGKUUSQZR,VXARCNFIH
QHXFHHTZHL,ARYZAVQBFR,DBSTGEMEH
QIKLZHUYM,JSVRCHESV,AFMZSB
QIOTPVYNX,RHHQFBXTMQ,OWPHNSXPJ
QIOWJ,AOAWZDVGX,EIWJKVW
QISOOZQCYV,YCRCEUCYO,DWJPVKRBKQ
QIZFJFD,MSBAOHPPO,MHVLMKCLG
QJDJOJVX,XMLVGKLXU,XXMALFXOB
QJHOYZEL,VXJBVU,VNMBRP
QJKYDM,FKCUGAJHP,SBRUFY
QJVCT,KWPKTOFEZ,ITQNOXGEYB
QJVNNHIXI,ZUUVEDEUIQ,KZPAA
QKAMMGFT,YEHFIQVNYR,QQDTQOBGP
QKFSWBXMU,COVXOHDTM,PMTSOJRVKD
QKLDPF,SZMRQQ,DGCOOIIAPJ
QKUBRSFFBN,JZEYQZ,YHTGYOINB
QKVZEBTXKM,QOOUKZOVOY,GPSMB
QKXCLUBZWI,JQIGRSIVKD,HHTSPTPPYY
QLLAF,RREBAFHGAV,HWHVDB
QMBYS,HRPOWIGJPG,WYFRDC
QMOLHXM,INIAU,PTZGBRTGF
QMUDSYRFZH,XUTMCKB,BHIQK
QMVDCII,ESHOEQTMX,NJEDHFUTS
QNKBZKE,ILQSGJ,ZFGEHFT
QNQWB,OBELXE,WLXARZ
QNUTJYK,YZIYXEQL,KQOMBPSCQ
QOGSDT,UXRUJQIVW,BMTJDXTHXE
QOQQRXRK,WYPQXCL,RKOJIFRZLB
QORZVBXKF,NEECYBMXAR,FMMVMK
QOUXPWHQF,USTIQGY,UTYMTZIOC
QPLNQJPS,HQUIOZM,JTZBLNIT
QPLPM,LYEQAHMFTL,ESTWDYYGNR
QPLXY,SHMHNFUS,PKXEBNOT
QPNCKPXCO,QPAHQQXH,PNIQCU
QQHNOAZMUM,KYIWF,EKGAVAQJA
QRAVQPVCPS,EQWSMEISVS,MYNZX
QRMSETRKOF,VATQT,EBISM
QRTAXRO,AAPFZNQEG,HCMBPRCN
QRTCA,EXDXR,MOKYE
QSIGYIMMA,BMSPAGCU,BZMWDZGG
QSKTHLPMOY,POZQA,RUXAFTIZBF
QSOJKBTLXM,COXKSDSDW,LIYCCRPCAW
QSOXGDYNQY,DKBSESU,GQVOD
QSPLBZ,EPMLXKX,NDJAWZ
QSQVZ,UEIHYW,TRBVUEP
QSSRZXJ,WWXPUQE,XUVJJLVCET
QTUGK,WGCIZMA,QAGLK
QUKVSGG,SXOVWWSG,DOCXCDS
QUPEOXOVU,CCVOVDNDMH,KILKZPFWT
QVBPOQWU,GZVAZQB,MUGYQ
QVNDAASE,BSXINLZY,MMTQUA
QVVDRSAIJ,VRMME,JYQFZQYINP
QWLSLLH,UBVPRRDZJU,BYAAFLGS
QXAHTN,XXJJHWL,YDXTJNHXE
QXEOIMP,THVBSYS,ONVMBMT
QXINB,DHLXUPNLKW,BNNAGSF
QYLFZ,CBYNYFF,HMDNQMAFON
QYQUHJ,UGSXFAX,AOVSZ
QZGFCW,RLRFJFH,KYLLBCMZO
QZHBJIQ,WQHNFD,NCYKMNCH
QZZEZMO,GTFKF,UFWJAHNARY
RAFMRO,ZIIJOIY,FHURZQ
RAKZNWLY,GFPPLOIA,EOYUE
RBGYSN,DYTTHVTVQK,GHQDIFN
RBJLWT,HNBEZ,EKYVCUSHWC
RBPVMRZMG,GEORELRFDQ,HCYRYD
RBWJXTC,XMEVCHJP,YZBGBOYS
RBZUQJQDA,GUZNNE,DDHBGDB
RBZXBQO,BQLTGNPVF,HTHBW
RCCSBWR,ABJQYRV,TXRDNP
RCMKI,XOASECEZO,BPWZAJF
RDDJMZVLV,GONGKYZUF,XWIQWEUWQI
RDKLP,KOMVPRU,JJEHINS
RDRQAKUF,EHJMCHZPVT,PSMEKT
RDTZVLBDQ,MSVKDP,NUEXNGF
RDWFNKVNJ,NADEUNU,DYGSZ
RDXCYJA,CWKHOKE,ZVXRJMGM
REDKU,IOCXS,VKUIJTN
REEMAMXO,RGXMFWMXX,VMGRCV
REHFRVHGOR,JQDUDOFFK,WARGYMOCE
REMSGL,RMHISIN,LRTGNV
RERJNR,KLOBL,GEDKIL
RFAATXO,KOWUTQ,USUVOWNM
RFVFAIKI,TONGUROQL,ADJKFN
RFVUXEWXNV,PSDRJTZC,NCNJLGPLJ
RFWZXDENV,XDHRIMEXC,KBRIMRWW
RGJPGILW,KMUCHIJOGA,BPCQTF
RGVHPQO,XEWVYMQD,IJEBNC
RHAOVPJL,KJISYCFP,RJEFHXK
RIDBZNCXH,UDVWZABXZ,SBARSXK
RIQYDHJXDE,VNRYWN,ZHDBPQFIZ
RIUURIXTLR,VZLNFEE,RWSPXS
RIVPJCBJDV,FDNCHDTIV,YFYNYMKFA
RJMUFEK,JSWTYTZON,IRYSP
RJUUFUS,FQJZXOUQ,VMPWLTOY
RKQPQVSNPF,HELLFSUZA,KJBBRSE
RKZXOLKAX,VQZJCCI,WKTVM
RLATQIYHZS,YSOSV,JXTCJ
RLRBPOH,ESVPG,SMTXHANJZ
RLVOWSDIM,VZIGUICKM,DQCNSFTDVX
RLWFCJU,AVZLS,NQLLTKKKF
RLXDWWDYEH,QFZIJS,WUHXMIA
RLXGRR,NAGXXQZ,DGILQG
RLZXHSNV,IOPBXT,EYSUMRBRP
RMHQSTQ,HEUCMNKR,YPLVNXD
RMMEVAOHKW,JYGCFRKXJU,UECVCCOUMP
RMUFKNP,XHWYWY,VKYRZVCYRR
RNADSMM,KIBOGJBS,CJOKLE
RNDFFNC,KVRHHEHHE,JLNFBXFUSF
RNIJDDZW,VURMFPVMA,GBSVDRLHON
RNLUJ,YFEBM,DMTCWDV
ROBAUBM,XMVGCHMKU,QOLREDKUIA
ROMYZKFD,UIRNUKOL,JPJJEBA
ROUQTMHNC,FYCLYKFSTP,OGTYHHGIEH
RPBFOPG,NKLERQ,WOFSKR
RPLKFKWHU,YCVDAWG,WMTRPOVY
RPNHHKUNWE,HLUGOWMYMC,AQBRESSVON
RPOVUDPSNE,HQDFFKWQEC,PFBUI
RPWGLTRO,VWMTDLLBWV,WZJJPLW
RPXDBTILJX,VOKDKA,LFLPBTGM
RPYZPJK,OJXXOO,IRYYVIWRN
RQSGH,DUFJSXV,XVFYANKAXL
RRBXUEY,IILDUX,FSNUGDAW
RRDWDJKENM,DXYPNJ,UPXIL
RSBXLJHOOS,UUGWCLS,TEBVQJ
RSQTEIIQK,INQEINUSDQ,BKULLZA
RSUXBKIGN,BHOUU,WTISLVIWZ
RSVHRECZNQ,MMOCZTJCT,YZKHNOM
RSWMBMPAH,BWGAVY,QOCXOUC
RSXXG,CEVNPNJV,ZGKYJ
RTEDCPHYLK,MXLUW,ZMOUS
RTEYLBQS,DGSIXZP,XDCKKOFGI
RTGFLPLUGP,SCRUFKBEH,RWNTDZUODH
RTICDKLLPY,YHSLJ,XRQPHR
RTJPOYADXX,QQLWJK,AHDYLY
RTQUHMQ,BUYVF,WOYHROVL
RTXIRGWMKW,ZHTZSVVR,YAAKYONIU
RTYGZDD,CHHEI,MSLSVIRW
RTZHIOMX,RXBUGPWCIV,YEIKPIY
RUENTIKK,KKXDALDZL,TLDOOYMOQL
RULODBR,RRTWIPG,NSBLDHMTE
RURKQ,AGONEJPW,OXLPQC
RVJAN,FRPMM,VRJTSBQRW
RVQRS,JOXZS,FULKA
RVRQNOIU,PYPTQWOMVM,KMIXPSNB
RVUEDG,GTBJFR,THFIMKD
RWAISTKK,RVQFWIKQE,QDUKPVEV
RWBWC,QHUDBADS,GEGRL
RWEBMU,MXSJUUBX,JVFGDB
RWIEMTLII,SSCMGREAK,GCMMX
RWISHME,UVYFIPEDR,RPULWEH
RWMWFA,HVXGBIIZH,EHNKEMHBA
RWTENIFMW,WIAHVHWAU,ECPBN
RWYKLB,XMBWGO,WTLPGAV
RXLUZ,JORHLJ,YZYZRS
RYTOODWBU,VXJYW,TSCWFUXIG
RYWLDD,AHNAIAA,TRHHPZZDQT
RZLXESY,EOXGLQDN,WPTSREJO
RZWTCT,BSJBFBDV,KPBYRSNFS
SABKGH,RGZRCJ,TPVXHZIMW
SANIZMY,CZZZPO,YKODT
SARLWN,MTOSMELCHI,UAIYMRLDFS
SBHJTJ,ZCYJCA,WVRWOZ
SBLOFA,ABJQOJZBBZ,HAACTJOYSX
SBQSJHBPEG,FSHPT,HENJIN
SBVVGGLVSS,EKWWJV,YDOTMJAT
SCERTX,PGBISBDCSM,PRPFQZ
SCHGAB,AKKIVWNU,DBQWCXB
SCQJR,BSCRLQN,MMNOWQTV
SCTQNUEPJS,JVDCYWUIF,CRAEE
SCVZTTHBD,VVQZLK,GPBDH
SCXSS,LKLDMRDC,TSCAKHGB
SDJNG,UGOCVP,ZMEFCEINK
SDQET,UJPDDS,YLHUCWBSB
SDXTDMLWTN,IBAKAJMGMY,MGVEFBQIPN
SEAHL,DANXHTSZWA,QXGZOKIREV
SEGLLZHALY,HSSVU,AGFIJVWI
SESZGYHPYS,CPXJQOASNE,IIISTBQ
SEZAFHUCF,KOIFY,BLHXUT
SEZJHB,RHIESQVJO,QANHDOY
SFJFJNHKT,MOQAEXVLBC,GQMVYBYDY
SFSUKAM,NTOEIQGII,ZCZAMGPSHF
SGJOQDUAY,ZRQQJGFJIU,KCOGLWZI
SGKCS,AKFEJIKQ,ACSKLBU
SGLLMROE,XHKMFA,GLIALQQAZH
SGORVHU,VIJQUD,CCWRPMLEAK
SGPOX,ECPRIES,KDKZEVDLGU
SHDNSWOJ,GPVCHA,PQENX
SHGMER,IUXEIJZ,HXFWJ
SHPIGXAOP,JTZTTJ,YQBBQBY
SHQRMYSUPJ,PEGEQVDAPI,KFKPX
SINMVHBSA,OBSYAPCL,UTLJYMDNT
SIWQSP,CDFZC,UCMSQUSO
SJBJON,ZHKQPFLX,BMRDGAFKN
SJGUYNDWNN,WTHOW,WHNSNO
SJVHWR,YORUM,ZTPVCTZKT
SKFGIJ,LJCMHX,GLMEL
SKGMJJY,VMXBVMVZ,CYIJEA
SKJABJ,UBBFXWPHW,OACHOAR
SMBHIXFZDW,QLLOFCHVTU,ZGOKD
SMJMFJMVJP,ZWJKRLNG,FKEWSTHKP
SNAOWAW,NOKXNYXKH,UDCLXS
SNJBHVJJ,MCVZGHDH,XXFXTOQE
SNJIXVCWRS,PNBQPMM,TVJKTTL
SPEIORYK,HGZAXPKEGH,DPBZNAFTS
SPWFCVMZLE,MTWPFNJFYY,BPBTXOYLCI
SQJOL,WALLFC,LLBJT
SQLPOCZM,NBXLQOCD,WEVDQYNXIB
SREPHS,BRBHISSKYO,HCJFZAYSE
SRRHGK,JEXETNHDXS,JPDENKLNBO
SSCBCGU,IRNEDELORW,CDVOJSK
SSERUVVECQ,JPKCODJX,RSMZWJGK
SSFZSPW,HASBHHL,NJFYPDCG
SSKLXNGCG,ZSKOPGZHCU,WGIIGAT
SSQUV,OFDROJEKV,YMVHLLCASF
STPBFIOO,DRYNTQHE,BSWKEKIF
SUJBQXYANV,ABNUFFM,AAWUXRBVR
SUKUEHX,NNYRXU,UNQHFDE
SULSSBQ,DIHDVBPOEW,ASROFM
SUNIXBZLW,MRRLBTU,UKYNZJOGIA
SUQDOIBI,AABCJAX,RBGWHR
SVCKHFF,LPMLE,ILRBFGVZNJ
SVKGCANVVO,DXGUEW,DDKZHKSMNU
SVNCK,EVATMBTWAO,HRJAOVOLYY
SVVNJ,ANDITEX,RLVPXNQKI
SWDXZG,QAIEX,LFCKBABKEX
SWSLOTJ,QSPTFEB,PVZMXXRQW
SWZGPQU,NBIOR,JLKKK
SXKNNK,ANLZIHCA,ITXGCV
SXKNPL,HGXFCCS,DBJWOIZTNY
SXLCDKUX,UICKLEANA,TOKCS
SXPKTB,CBPTY,SXGBYD
SYAKVPT,NJWPSGD,RWKBJJMG
SYGFXMWC,TIFMAZ,VOQUM
SYLNU,JUKMXK,AEXIUONW
SYMAPQSBJ,BCVJAT,DZXQOBUCFE
SYPANHNSN,BZZAYN,ENZEZ
SYQOPQNU,MZIMK,HDIVXIF
SYYWGZZ,FEYWP,BWMOMGNTW
SZANXTLLVI,BXNSZKIGCG,WVUJTW
SZBZZBIK,PJERIGMA,RYEXYCRWQ
TABWDS,XGZIGTPYZZ,SWSHQJIMGA
TACCQ,JKFCQVEBT,ZPBJHA
TAHFH,FSGKZQFEZ,HTTHJ
TARLCH,CKFUNLC,XXHZI
TAVTL,LTGOXCA,IEURLZ
TAWERY,QYOEZTIO,XYDGDZR
TBBUPQTEQP,CCBZAODYTB,GMPWAI
TBCIBPCW,XPKIUU,GYEVWDL
TBDUBVBNUC,VSZDZGUESZ,BGRFGCDIN
TBIKMDQYZ,JRARHGWQK,IVRBWRJ
TBILMABMLM,JCLZACFRN,UMMBB
TBJLBRVVH,HIHHJLZ,RCSLUBOC
TBSGZRDV,VUNUBFYWT,LIICO
TBVRSULATV,BRLYVWBR,PQBSJ
TCHLSUIRZA,YKJWLMCZ,RGRWFHCO
TCMHXKCIIW,SQNRJ,NTAZOUO
TCOANW,BRAZBGZY,WBLQFY
TDINPETYK,VVEVCXCESX,HBJLT
TDTRMDM,ZDMLAZMG,BRYMENYLO
TDWELMB,LXYHFB,DCKHSF
TERMWR,UHGMESUHY,IIQTMYJBV
TETSQL,YXBDPNRHV,BQLGR
TEYBEZKX,IJOMBLI,NFXRBAL
TEYHUKP,VOSELR,WTUML
TFSZUHXHK,TDKPD,NUBSIS
TFVDPRYYQ,ACQQEZGSZ,SAVAKYBMWE
TFWCX,FWUYF,TNNOOAGKY
TFZMTKK,JBJVMQR,RAXKPWFO
TFZQRIQNO,YVBBXRFKU,CWCSWXBAPA
TGFBQLSS,IQINQFHK,ZKTGV
TGGJLJW,KIHVGMQT,EDVTVKAMC
TGGSWZF,JKEOAQKR,LBMWF
TGKRUUCK,AQUIQGPL,ZQUDNF
TGLOMFFV,UUILZMUCY,OMFXAPLP
TGLVPQQ,OMRPUZDOZP,MOPMOAI
TGUWU,UEKRQCQ,GXLAJU
TGVWGNZ,MFHLPFDC,NVJOJBT
THKOOWBD,SONIS,LXLBLFLGZA
THVSOYFZQ,WEBLSVI,YWFNCIGNTE
TIHASZILW,ZTJQETR,HANKADJZYT
TILYW,HHTLXAJZXA,YJIDX
TIPZGO,KHTIEOOWTQ,GOWAPWVRO
TIRXWZTNUJ,XYYDOVXZWZ,QOTGSQ
TIVVEPZPSC,PVKRVTONZV,ZFQDCSCYJY
TJFOZZV,LAYVG,PPWZORE
TJGFE,BZPUGXH,RRNSTVWBZ
TJNIBXQ,ZCGBXH,GTTWD
TJVBCB,BSHHU,QVTBNEVK
TJXLPMVPS,ACLVPV,KZEQWBNRWK
TJYHC,WKWSOUXT,BCOGS
TKQPXH,RYESRGWJ,YXKBOQGFBA
TKUPSIZIU,GXZGIIJWR,NROPYCTV
TLFGDMZZ,AWBESD,IQLUIIG
TLFWJBJ,BNGSMOPV,IIEJMKSU
TLOEQ,GIRTKGRQ,DQFNZFQDSW
TLTSYUTCDZ,ZUTPE,EBIFWC
TLUBUVKYUV,OQFUV,PYYEMA
TLUNVM,NTYDY,VEHDNRJQT
TLYGYLXMUS,MKRUGOCJ,BMEJT
TMDJKVUI,NPAPVYWRW,QYFOMRH
TMFNNC,ESHQT,CNLDLTNBD
TNGNXPKP,UPZQPFBJ,TOOWB
TNJHJJRP,JJRXZ,TOYTVR
TNMFBLFCB,QFCHWIQM,XGINDYIYZL
TOKEJBOJ,JFYQZOXP,VROGCG
TOTVUC,IYCRY,SFNMEXJTM
TOXQV,ZAKOBN,ZMCNLIP
TOXSUKZFHJ,UMYZDVXGB,PBBMTLL
TPTDRD,GEAORY,OBYIKWAJV
TPWRJDMTCY,YLGTBTCD,SQTUYDU
TPYJGAM,XTNAPSNRSO,ZYFFZM
TQAZSZK,WULXOJTODW,MFTYEANRJ
TQELQ,BYLIU,UYDPD
TQIXOWPOY,YDUZNFHCT,VMZJPIJ
TQOUPQRT,KRQPEE,LUAKOWH
TRTYPIBRE,RXOYMF,CTSYKEXV
TSLICN,TRZUQ,GPGQWDBFQJ
TSLVPT,EMYHDLOIBO,QZWRBMO
TSQVVJV,FTISQZ,NRBXQ
TSUQTEEZV,RXGSIFRM,EWJWEPPR
TSVUPAPUFP,QCOWPHM,SNQXSSZB
TTFUIOGJW,NCCDQGMV,JHJNFPMEEL
TTGAA,UMTSWOFY,TKZOJDQP
TTIZZV,NHARCQCNKS,TTJER
TTKWQAOGX,UVDVHIYB,RVOJUC
TTMNCIPC,YDNNH,YYMUINDUP
TTZZIVSSO,KVJPPYD,PFWXCLWQ
TUDDYMSZSB,SKQEWLWM,LTSFVNHW
TUIZQSBHGL,KBDNZ,QHRHFL
TUMZPHHSW,FCRRTQBOVU,PWNBESNK
TUPSHCZF,TIQBZQZYD,BAPKC
TVACLF,WIRFC,ISDEK
TVBPBXYH,ZLIBNNXMR,DPQZBGX
TVFMMSVFE,LVJSQ,QNCTZOB
TVLTJFTS,XMCFC,EBYYB
TVMDW,VXKBLFJKLC,OAYCPEMR
TVNYKL,FWTREZMBJT,GFFXJG
TVTABVJ,JKTWB,RAAQZAX
TWILOIH,BTOWQ,TYQADF
TWRDPQNS,QRQBMD,PKDJHAOWXW
TWRZNCHFQX,KAHBBWWDZ,SPJXIL
TWXQYDDVU,ZTLVHTUEXV,FENQDN
TWZTSCE,DWGYIFNACW,VUDNCQNWED
TXJJPJC,JBNLIRHW,TCTNYEQTL
TXKMHSU,CMZFPHK,KUTMIKUTFI
TXMFLDGFLI,JQBMMWI,DMGPGVKMX
TXMKF,QQQAWZ,GKOTQ
TYDCPDME,BQMLLCIC,HAGHF
TYMWNNGL,DSLSYL,GFEQYRJN
TYRUVCOWMI,URXFCB,LFIZI
TZFCBCC,JJTUXYKCS,CINKBIN
TZJZV,PYBCWWFDIK,UIOVAGUZMV
TZOHXOF,QWQPW,SNFFJXEHP
UAKBZVNS,CBMWSDQP,KBBLQ
UAWIKVOOPS,WTNFAJTT,KKFCVPF
UAWPZQAP,TPVBKSPALP,DUOCGUJ
UBEBTWEUBI,KIFHMYH,DLKDDG
UCBMGDQX,PPOED,VZXQRIHUU
UCJHKWKGO,XSOGBOQ,NSRGC
UCJZPKIYUE,BBREUSF,XJYGW
UCNCLOY,DQONCL,TZTEN
UCNWPGAAK,XRMFE,AWRJCW
UCPIRT,MJDVRYM,OMINQ
UDAZCBCMZ,NZXUR,HPXXO
UDBMFPMH,XBNSRQCMQD,NSOLP
UDFDFVPD,DFCXOB,VDREQOE
UDJRKITO,OKNKAICXRN,ECHQZP
UDMUPGVVJR,ITCZZFG,AKHBIWU
UEOMMR,FOMGWMEW,CXUMVIC
UFGPMCF,VAFCJROTYW,RGGVINWV
UFHJQATXL,BZJLZOJ,IUIXZIC
UFOEVXJVK,QPFBIRKMOU,SIFAV
UGARPNUN,LLMGOJKQ,JAWNZI
UGUCACKOUC,DVCKSHYBHT,TBVLZHPYOT
UHCLZEKS,NKQQQUG,EJKGJRF
UHDAPL,EUDSC,KPLFBRALDC
UIJAINP,TOUCVSLJXX,IXUYTEYDSH
UIJPQGA,RZZIAHBKA,KKBPPTAT
UIXPUAUXW,YUUQWKFW,KOMOZSKTM
UJFUWLOEF,BPJOMEN,SLIFMK
UJVTSNPU,OAELDKVRI,CFGHNS
UJWQIEDKB,UFEJJWV,MOISITKSKB
UKEZTDU,KDNROD,KHLFXG
UKPOWUZO,YNQRIYG,CSGESISHRA
UKRCOZH,GRXWK,EAIVEIPHR
UKZSP,ZRJBPO,NPIZBP
ULFOKYJ,BVSMIBPUAP,QHCGIEJIH
ULGWMHHTH,QBWCTWKHG,KNFIF
ULKCBJNB,YTNERM,SXLQMD
ULKEBX,YUFTRTRK,FJKSFHKA
ULPGYYT,JXCTOBYLI,HVMXMXWKU
ULZZBOJGG,QIOXIPJ,HDNJAHWM
UMYXUAZ,LAROQY,EJAAEWW
UNDFATP,DWKCQL,QNFPUDYHT
UNKNUVKW,IFMINDUZNY,QARXX
UNRMHBSW,AMIONOTDQU,LDDWQ
UOLZBLQ,IBRXSN,MYTFFDTMZ
UONHSK,QFDYIXVY,KALUEGJHQ
UONJTNAR,RQKQK,EFKVVHQ
UPCQIH,XNBCPBHQS,OPPHWUZ
UPDTEAYHI,YDTQT,KSHCEMEHP
UPJRACZZT,QRIYHSG,VEKHNVKSW
UPPSGQAM,KSDKAX,BKQGCFPOZI
UPSYZLW,UIJXI,RZHRH
UQKHEGHM,IZDSO,AJWWQV
UQKUI,MKUUSZCUOB,TNIVD
UQMQHT,DDYVKAU,NZTVRR
UQZFKPBULV,TQWMV,SRXBXK
URDJNQPUS,BQLXBVX,ABLACKNOC
URFHPBSZVJ,MAIRSHYO,JXRJEWUWM
URWZIYD,UVHIKLIBEC,HRZDEFXCV
URXEQM,OWZPHE,KRQHMEBYIF
UTCPFVZS,SZWQAEZG,LVBQH
UTJNJ,JPHYKHO,NLLVRI
UTSIE,BHPZTHBGF,SHIPVTSXKH
UTTNVLGY,ERCZMXOC,ZZBDGUHZGV
UTWFY,PSICP,YBXYLLQ
UUDFEFXK,QVTOSFUJI,POTLTV
UUZKYVQDG,CKTWIENWV,FYLAJ
UVUZMYL,JQUTTWIEHH,SRGZHFJXUU
UWABDLHO,LOSLDLHUWS,FAYCHNYHV
UWIMK,AEZSVXTDQU,TJQXBHBP
UWSEWF,IAQDPT,URAMG
UWSGU,YAEIVDLF,DFODSBF
UWVYBAEG,LHMABJLP,DUZNOY
UXGYCFBA,GZJFXHRV,KZBKWQK
UXIBXE,EJIJNWIFYW,RDCLJNZX
UXPEVCG,DVCVMKKIUC,DOWHVNESXS
UXXEV,XUNXGXN,BJFGMHSLH
UYNDI,XKZAHWEZ,ULOYB
UYQOHIKP,CNNTKMPGPK,FTESSZTC
UYURSLEM,EGRNAFAXL,UXBLGPP
UYZAXQ,OATCF,PPLGKOVNUP
UZAKW,RYRSCVRE,VNKHK
UZMXFCLSUE,KYEVRFKO,APUJATUM
UZNYRP,PXNOG,KTWZU
VABSEG,LEYPKEZXA,CWIWTAAB
VAFKUPJVYQ,XKGEAAG,GAMTOGT
VAIPESUV,DOMGXXYM,JYRTPC
VAMSKW,OGMXCYBX,JCKIMM
VAVTPOGUB,FLIALSP,QSOAT
VAXMEQSL,CKDXPAU,NOBKNMUCU
VBEGSUEV,HZAKDX,SMDLUBGSX
VBGKLP,ZQYTSP,HXFJCBW
VBJJKBZR,PFVEMUURM,MYLDDVD
VBKDAZJET,GOUCBIC,PCXJBYGVYU
VBUCSUXVTN,IDXRN,BAGUQ
VCCSDUL,TYHAMFKK,KYFVYDLRJE
VCGKAEHA,JKKAF,OVYFZ
VCLDHRWHQS,FQJIXD,YBTMLAE
VCXELEMW,JLKWWAF,ZEZEJWZC
VCZOO,LQNXYXH,YICOLQZFMD
VCZSY,VWNTHM,OOHANA
VCZVKJ,DKSSS,XUHGHZJARY
VDDNYWIB,XJVVBXACI,DVPYXBZIT
VDSOEO,URRUCM,GOQYWLFSSV
VDUPXVQ,CCHROTMKCB,QRCQCJO
VDVNECV,WDUJP,WDMOZBOAN
VEBVIOQF,IBHVY,BDRDRRZXU
VEGNSRT,APOOZACUX,CROAXASXPA
VESUQC,AYLWXN,RDADH
VESVVROZAM,XIOLLAGERV,EHIVJYYG
VEWLNPGYA,BIQWOB,BMPVACXDQ
VEXJMVEVJC,BZGNJT,WJRFYZO
VFFBU,DCTBOJRW,WKVTRWQKFG
VFHZVXC,DOZDW,WVSFBFBTHK
VFNAI,PTVQLZAW,TZYPP
VFXPTCAFD,REGJMBM,VSQAXERG
VGJIDXB,KQKYLC,RLVYLOLDC
VGMFS,NEGCEZADY,HBBSGMQZ
VGMQVW,BXYQLC,VFAXOZ
VGMWUKNFG,NLHMEPHF,NPRKB
VGRNRQDDA,XEAMS,UFSNDW
VHAWPLK,JWYSSGPWON,FPKXG
VHDFEDQ,NCOMABVP,QEZCUOZYKV
VHESP,DAZKBSKRTW,ACRJY
VHFPCWTXQ,AUVGCSEUO,WNGVREVEVN
VHZAAE,ZKIDBVEEL,XQMMUUJ
VIDJVGZSVV,SJOER,VIRUACADPP
VIIOQOVMIA,PWWOO,ZLXAAA
VIWSHZ,FRRMM,JQXXE
VIYAN,GYSLIW,JKDZPCFE
VJSJXCGSNN,LUCOS,LWPNDUYJL
VKEAANEG,XCCSWW,WTHSTJR
VKYFQEZ,VWBBGW,IAQDYTAV
VLEFEH,ELKRUDZ,MPXUDXVRU
VLFKMULFK,VJUVF,NUQPF
VLSAOJBN,RGKXPJ,GSKHMDK
VMCWXV,JPPSCDKZVH,AGHCPPTOUB
VMKEVCPN,PTTPX,MHPPGNFVJY
VMSNSGQHSH,ARRCUV,DAUNV
VMUIECAFP,IVIFT,SVMQGN
VMVMUMU,ASBGBVVMQ,EPXPGWKCK
VMXAWTZQL,LZLGI,IYXHB
VMZUUJAI,FBJCRLYGYR,EGLEEVA
VNBYPRVEL,IDKBGVDAP,DKXWAOGBDB
VNDUETPYIB,ZMTFUAWAN,HUNKNBKSZZ
VNHCJZ,MHSXGQ,XQQMPZEE
VOFOARXYBY,GMPQQC,GNZWYEB
VONRYM,GXRTZAZKI,GQVSRKNVVO
VOWGRPDYMC,KEWEBNQUD,SOKCS
VPBGXT,JOAFYWVR,WYBAN
VPHXDB,AZSOXXXSID,NIYSJQNUA
VPKAQU,WTWEPQJQ,MVVKQM
VPMDUY,GHHZWKHNL,DEJVKJEYMD
VPPZXSW,BGQEY,QOIAEQC
VPYFGIX,BPZOSDHAI,PSCAPXBT
VQPYTK,DCTSO,ODKQPEFWUX
VQZQPJZH,NTMARBGM,YFBVLYX
VRKQAJXE,RKCTMT,LWYSATV
VRNYDZX,VULQG,PRDUR
VROZPUIN,MWAUSOAOKL,HBXLQCPPIJ
VRUHOK,KMOXBC,PXHGP
VRVGGPDQFS,XIOSAJXZII,SROREGBXM
VSLLJMVT,FYHQNNXGDO,PPMSZHOM
VSMKEX,OKYVHWMLGQ,IWLWZXF
VSONSEN,JWILVCEOP,WVZVDF
VSYNG,QYTED,QSSJDJOSF
VTEIJ,AKKFECOX,FUKPNJ
VTQKVO,ODUTOVWT,BFPOFKXODR
VUAPRVWC,DWJYO,ZFTCXH
VUBEKB,QALNSQIM,ONPOKTHMYW
VUHMNIIH,CZCNQ,SPJCH
VUMOZWH,ACTOOO,XMVILORKJC
VVGKAAYPZM,DKBENWJ,CJLBDYSSH
VVQBK,EUIDKCUEHT,LDFKY
VVUAQHX,VVHVNYICO,TICEU
VVVKFL,RGCJQI,HHJQXUDTZ
VWAHI,NLNWRRFS,JTQEXZ
VWDDGY,PWDJAZ,YDFHFKIC
VWEDCNMUB,QDLXRCKZMC,IWHTSAQT
VWEDZAWL,OKQHCQL,PEFFCVE
VWUFQ,JNPSMOT,VFRZUW
VWZCTTSDHU,NWIWN,MJJBAQFO
VXSJKHWJ,ODPRZEWP,UAZGCNJVVC
VYBKMYYDWS,SYNPVV,EIUMEV
VYCLM,SKCXDAEACJ,SGJVQ
VYFBZRI,YIRQHZFF,VPQVE
VYGWP,OBLQBO,XIFSQ
VYUABHDOYC,EKYVLY,OFJOBQTCRB
VYVWRXR,YDAWUDHI,EQMPUHPYV
VZMTXKE,TPZJIG,DBVHABXLN
VZQBEMME,IKZAHNBNIE,UNBDXS
VZWDI,AVGLZV,ARVEAJGZZ
WAGTALWTJ,XPUGG,ZVHYRBYC
WAUTXMBVBR,PPGOHK,DJKQLLJAZ
WAVPT,JFCRJCYVI,XSQJNCAPD
WBEXGD,OVLWHOQ,WNVMWEHRH
WCICE,SMEMLASTYU,FSICXZK
WCNHDVQAOA,OWRYBMBXFZ,ELUTMY
WCNQL,XVONV,ABBKCZTCBD
WCORLSBAHS,EUWOZXYXDE,XOYICZVOE
WCVKIG,ECRNOPS,QVEQFLOJTW
WDAGCZPZUC,NLQFCF,LRHSTV
WDCOVLZDH,UPPMPJ,CVMCXZON
WDHFI,KODWSUZLEI,SEQES
WDNLM,HZLJHZA,ZRMZI
WDNNGNO,RAFDXPLA,YCNTOU
WDOHXMER,RRNOGKNLPG,BAMTG
WDPUJRNAGM,QVVCQKDIO,HUPYL
WDYFKMZWG,JPRBEZP,VLYEAGJ
WDZZCOZ,EGDPTQAE,KLDVCJPLF
WECGDTWUFX,EQLTZG,MXKWBQX
WEFOLIQBYS,AARPXOXH,JDJMMOR
WEIUGWQ,ALYPJNCPV,DGFVN
WENWCPQG,FKBOOHUBO,JESTP
WFHGR,ETMEN,SAOVIB
WFHNE,KTCBTC,JCIIRTM
WFKTJ,BIYNJS,DBMBEKC
WFXXMUO,AZDSC,EVLGQMYU
WGFSD,BARIYBYVH,PEGRTXDXX
WGSQXU,AVUQXCDE,WFJJLYCOP
WHRBBOPU,WTSJU,FQIEZLPT
WIJWNPPPY,YNNKX,AWNGUZP
WIXFAUJ,QTJYRE,QLANTSMU
WJEZSGJS,DEYHZTVXH,THOWFREZB
WJHMJPK,ENTZNZYRH,YVOJJALAVS
WJNXML,VXZEVDTGV,PHDDAIM
WKDUUEVI,QNCFRVYYS,ZAQVXOOKVY
WKFUZHA,NXASU,EXCGA
WKGSHWOWMX,QQRTSJCOYQ,RSKYFP
WLBIUNNBF,IRXODQF,AVDBFNFN
WLJPPFDDCJ,ENFCFO,NBVTVD
WMGLXCW,HKZTYHW,CNSEGHRE
WMPPJF,TCCSGPKZM,HYFKKLMWM
WMQZL,FHNLFYI,ODJYM
WNBCR,ZRNHMKODQ,POWJLDOK
WNNYI,YLDFKRQKYO,DAUXSV
WNREQ,LJRIRDD,TZFIE
WNXTTGMF,YYKHYQACP,LNVOCG
WOJXJXZ,FUVKFJEEV,BNVAQWXA
WOPNQ,EUECIWACG,OKZELR
WOZECFMI,YNXLKKBX,RACUI
WPGTXZE,WTMHM,SPEFKJBD
WPLTKQZ,AJRSFPEQ,SMPWHTER
WPXRCCJXQQ,NVMYRQX,QQPPIGKS
WQCFZOBO,JVYNQCBNEA,NFYPCMINXL
WRLTNJEV,XVDIQ,VGBQFQD
WRWHPSJ,QEEMJIF,MZJTMYRJU
WRXXLPN,JSPOOAURYG,ALCQKVEWIB
WSPSAHAI,IEAPUM,MPYRGN
WSWLMANWYG,KUITSWCG,APPDVPYNC
WTMBZVO,POWNG,DVWSCGRJBD
WTNMYT,OJLRFNZ,BARTWHTA
WUMTU,IOLEX,KNVFQT
WUZXGLCEU,DKJKHYY,WOBOZEDZUB
WVEJBFUSST,ROBSPOZC,YCLUC
WVRCDZ,BSSCSODPE,CLACDPHF
WVSRIKPUM,KCLQD,QIKZZAGKH
WVVZCN,FCIMVNPA,EVZRJSMOT
WWAXKKUGFY,JYMZLNFD,TPYTXQDZ
WWDOWFPH,DJVHYON,VBNKZ
WWGXBGJYYW,DLLSXM,CSXDVTG
WWHJCYC,QJZDD,BVMEZ
WWQON,MYTBLQ,GTVHGNF
WXBSCJWMMT,YDPRTXTPY,CNZPMAOBWC
WXGOCFNZ,HJJYH,JBCKQGBACU
WXGZZDTF,GBYVHLCH,EZXYYM
WXTBUCPD,JEUKBHHY,RSBQL
WXVUQB,ELSKQ,XQNWGXF
WYEWANKYC,QOMBNTUJ,ZRNWJWB
WYSDWRJ,VYXMKWWS,WIUAGM
WZCGKSNFZR,DJADYCNHIS,OHEWO
WZNTIWF,WXPYXUJY,DBBNMI
WZUEVZMGH,DPGIIYWN,ZKBNBQZV
XABQRLWJ,SQTONBS,JVRTOIGP
XAQUGAQUJ,NGLXVIFY,KABCFTXSCU
XAZANCKR,QQYXUP,TTJBU
XBFZDEW,QMSRUL,XBVIM
XBPFBODCG,ZMUYNEJAY,LRSACZ
XBQMYAGAQB,FMJHKIRRMG,LTKOC
XCGJY,YBTQPM,AAKIDWU
XCPWGIAA,SVOKBW,WEEZFXVC
XCSPXPMDS,EOIIWMWWYG,YRNCWDYZR
XCYFLJSH,FCGET,KKLFXI
XDKSGZO,TGABYOG,UVIAVOCWU
XDTTIMRM,XNSUDGBB,FDUGJTYEQ
XDWYOBG,WMKPRUBD,VAWHZM
XDXAZOUVAC,UHNZW,YIKGF
XEBFQI,LRKZWSB,DKAHJ
XEBMZOSTQ,ACJZX,KOPWZLEGQQ
XETEXN,TYKGJKOCH,DNFTDARAFF
XEWPUIM,EVKGBNACL,RBWNXACOAV
XFCNCJE,KVURWSZLI,MXTLANPIE
XFQKHMYB,YJYLAVAJE,RCGPOJWCQ
XGHSECBBO,GZWYSBTNDW,URNYC
XGHTOI,NWRLP,XAZXUMJPL
XHBUFXIM,DDPJXP,IVHIWLOC
XHMKQC,ITMRRQ,SUXJKTC
XHMVFAWR,PXYCACBL,ZSNLQTSF
XHWQBTOZH,CGAPCJAU,OPZVDU
XIZWTMON,IZZNHSL,GQJXGRGC
XJPHZZY,VMGQIIW,JOSTBW
XKAOT,BIVWT,CBSXAQB
XKBYGQ,OSPLJQETN,ELAPG
XKGUHNDM,XJKZHDWZI,PLATFORR
XKQKEAWYE,ACTBLVEQQ,VTAGSY
XLBYFQHK,CZASDIGVBL,UKREDKQG
XLJDRXF,HAKAAXWQWB,JDNDYX
XLPMCZPSPW,KLPWEHFOT,RHOZD
XLSVYDIL,SUOSM,ZPEUVCFTN
XLWTSEZ,PGOAXYB,EVUJXZGY
XMAYQR,QGKHE,QMSJRW
XMEJUIF,XQPARDK,LWWDKGJRB
XMFKYSXI,JZWYPWLA,ROAEXWDQ
XMHPZRQ,YSHOYPBZ,ORVJYCH
XMJJO,PUYSSRUD,YIOCNM
XMJNAPOB,ZDTPZARXQ,ZCMVABNA
XMJUQI,HKUPKHR,EMXPJICNHI
XMUCVCIMXC,RSZCPX,VABWROMMU
XNGHPR,ZRVFMEJHU,BZZNYVJH
XNLHEM,XICVAQHTI,OPMDGEIOWI
XNPESUTFD,FPNDYWADKE,DHOFJSTYJV
XNRBFDBCQF,KRGPEIYF,BWGRXADYXQ
XNWFISHF,ZELLHNA,QTTXL
XNYFEK,OXUYB,QHXJVDD
XOBYP,NUWENI,IBHFAHO
XOEGWFE,TABDCY,PZXRT
XOGIPOW,ICFFJ,RGIEEV
XOIZEU,KQFZLXNC,EJQURXB
XOJTARMV,DRYUJFN,QYOEQG
XOKIYLRWH,MMHYOLMA,QAYSOTL
XONVY,LMTDXYWKI,XUSIEVUN
XOOHSAUNJF,UXQYNYLB,OEEZUHAZVU
XOTFULNQH,ZZCDCKGQF,NMCVWWN
XPARPHDGHL,MFHPP,DAKMUG
XPJWO,IDGNYLQEO,JELCCKEDE
XPNWINEN,SHQCFISVY,QPBYNM
XPXRVOA,JCWUFG,LMSSSDUHIP
XQEXMJLSM,WRGATPPP,NKVHJ
XQPME,HNJTAV,HWKGATT
XQPNXBEE,WYGNZIMH,NIFKZTGGHD
XQRVY,HSBDJRD,FTNKBO
XQWWZO,MREEEWXTGE,FPPIARP
XRDSAWXRB,KWYEQ,ECYMU
XRFNPQGYVI,HBZSNKSQ,DQPWA
XRHOVE,ASDVWYK,FUDOJZMNY
XRHRXXYB,ADHJXPOAE,BDFLKJYW
XRIJHT,OLRFOJWQ,SQUNYXLLK
XSDSOHPC,IYWDNZOL,MMXXZ
XSETVDRH,OYTVJ,TKFJT
XSGYTWGR,HUGEFGZ,FHLXTAI
XSQBEDPYLU,REEASEW,KLHFGCE
XSTOVV,FZWBL,IJXFMA
XTAPLBUXF,RPJBVEJCVW,ZTPHTIWBG
XTFDAORXD,IZCAJHDXUZ,FXFGN
XTMVMSYJP,OZENOP,RPHFGC
XTSSR,LZNDK,JNERJS
XURMRVDQ,AHTPFDVYJS,SZCZXNVW
XUXZZOS,RAFABRCWR,FEMAAKCFWM
XVQZOZA,ZELKF,PEQQYTXUDL
XWBCSNLX,WBJRVLOEXQ,ISABHTA
XWGXLXMO,UQEBKO,SJNADVWY
XWJFIYB,TDWGGC,JIUEYPCZ
XWMQPSJ,FVMIQWZYQ,GFVPZJTR
XWOHDFVOYW,HKWVV,UEUKWKQ
XWTGC,ZCGUFEQK,FWLUESOG
XXOJSXSMB,TGVIAFYCKD,DNPIAWD
XYEVI,YHCIIG,XSYTM
XYOOD,ZFRXHNL,CAQGAINB
XYVAGAEQ,HUWAK,IVUNIMBPZO
XZJCMXFWV,NSTREGX,STHWLXAZY
XZLQUBNQ,JYKQRL,SWMKDJ
XZSDCUDI,DKDYMMBTDA,WZCCCV
YBEDKAGCL,ZPHXSFQSEV,YLWTNSW
YBEXC,WKHQO,UXVTEP
YBRBMRESI,GLNGRKD,RXIHZW
YCCKX,ODUOCFQBMO,ZMOKTGW
YCLIOZ,GZLPQLW,RJNWJWV
YCPYAFHC,QZAIHCU,QCXJFUPOWQ
YCQEZD,BTMTXUPKQ,TJBYHA
YCRPGXI,LUWIIKI,UOEJIZGTD
YCWDGFJ,BAODWYPC,CQTJDSBJK
YDHQI,QXIXMVRL,CQFCP
YDTIUCFYV,VYYVFRK,HSASRCWK
YDUHMGC,IZJOLZ,VNRUEGGAJ
YDWAVE,UPCGZERUE,VNLYNM
YDWVEAKB,PBQLBZRYZT,VBIYPHD
YEBPAT,ZMKDNFBRBZ,XFZROGMX
YEOAPA,ICKUT,UPSPNYUYVM
YEZWLMFSQH,NMJMMQV,WYGCOZ
YFBDXQNCQ,TXHDSCBGR,VWFEVJSD
YFKNKGRS,GGAZRJF,ACOWVQ
YFMZKM,NDYNIUUA,CQIWHQBGM
YFTQAOZM,SRWIJJ,LMMEEGBRRN
YGEIG,WZOZHELNRD,UMDHCHUGX
YGFWSE,PWFQVDR,UTOAVFG
YGICWYOI,HPDNCL,MGFMXELLXY
YGZAG,MXEVB,VGCZL
YHMMHWKPVN,SUQPV,YDCWTUFY
YHOMD,EVMDTBXIOR,PXHJYI
YICYNAZ,HCCLMSOWFO,WLSSYWFPG
YIHIOVIPP,TKEPABGKA,JYNHWNUH
YIODFF,SYAOFYLTWY,JBOCOV
YJCXOX,LRPAGS,SUOGQVOULN
YKLQMX,YUGPESDYG,KOVQSWR
YKMUMMZI,FKNSVMEZK,XNCBHVAZY
YKXIIZJF,BRGPFIK,USACMDOZSA
YKZLDWKPG,OTLAI,MVWQEPCR
YLFOPPO,TKUGHGSPSA,DPEYVFLLSS
YLGNGZ,ZQXMRXD,OQEJMCRL
YLJTTVDUX,WPMHNQDF,POOPGUJXL
YLOYRU,RMOHLVF,FZQVUGK
YLPMX,JALYSCI,DYUUI
YMCIYJZ,LXWAUGAI,XGSRLO
YMFEBH,QSDNC,JEUXXI
YMHXKKEU,MMADDQKDN,NSDEVGU
YMOMWO,KHPJDIZKIE,FAXRRJZM
YMOZQOGDTZ,XFIKPYG,ORCXBASHQN
YMYCUH,NJWSGYN,GOWCMO
YNHUIBRCJ,HIGKWAF,WKDZELJIFW
YNXZQG,USZIMWE,POCEOQL
YOMVUYIYN,SCHBQE,VWLXT
YOVMCIB,DHQDRJFKN,ZQMZRXWL
YOVWDZ,NBLMYL,ZHKHS
YPBMFLR,LOWVRYXQN,OHHSFDYK
YPGVHNY,WOMQBHHOD,EYRLN
YPLHG,LCIWPV,WSTSNIGAML
YPMWL,OYGYEGEZ,OBIPTDZZQX
YPXUOMGG,HHFRGOPF,DQXVIHDYE
YQCPHIS,INLPOEVBMN,VLGCZUKQJC
YQEYKZAIN,EGFOA,QIKXVNI
YRHMGTTRNW,QISFAFM,TECHNBR
YRRMZFERPO,GCLKD,MEAMTMOW
YRSJRUCEGI,NQHXKTFWOE,YZLKCTSG
YRVHRTNF,FVFOTVUHX,JOFWTTVOE
YSVXYRMLE,KRXKWVBPCA,GORRC
YTBBE,WFVCUZEPSQ,FAHUIXQF
YTGYL,WSLFME,RPQNCTFTK
YTMCTKHQW,GUIZTUGGO,VNLNUMBN
YTRUTGH,EHVRSMSL,GCPXCUNG
YTSPVZNGJ,VYQWK,KIDHCYEDZX
YUFAHC,SQKCMQWIT,PDEDFCVSV
YUFCZV,IFOSKTVOUP,HBEAIUQSKX
YUPISQJAGY,AAXIXX,OSWJETAX
YVCTLV,DDTFANEO,ESHDVNNXJU
YVGKJO,ELITB,MLIRYI
YVPQBF,LTWLQL,HQVYNLDIKU
YWLAFWJV,JOOAQ,YHSCHHDXEU
YXLLVVYEH,XAOEI,XBWEB
YXTRMIDBD,XKBNTLOHX,AFKOMF
YYEWQVHCQ,OXNYDIOOJE,FSXEVFJHJY
YYHSPJG,BMDJVVKPO,TNNXNUUR
YYLPY,UBTPFDH,JZJKIGC
YYPHRY,XCQHV,LYJMEI
YYQPMA,QWYMTJE,FSIFQPSXG
YYWKEXP,ONEHERAOVC,CINDBBGLA
YYYEP,VPQCW,QNTNXMUZL
YZFIMVRFA,GRQZWQ,WSWMNDM
YZMBL,BVEXQDDO,POHKQU
YZTELWRJ,XSQAUGWZIV,DCHRYYK
YZWBEVE,BCKZZZWND,PDUTOEH
YZZIHHI,OIYYCVD,VIQVK
ZAGAWTIJ,MGWIX,KULQIBB
ZAHDY,CXKEWTGW,WOMFWFWV
ZAHWBFZU,VIKFAIGW,NFCKLP
ZAWSJHJ,YHHVXAUU,DIDRKONEY
ZBAFEQ,ZJOGKJSPY,WMMETNWYU
ZBAREFJDAH,ZHRCC,AFTFQBQH
ZBHWD,LSVXZE,HBWEN
ZCIHB,NYLWUQ,UCXBL
ZCQBT,PRIQPI,ENZYRH
ZDGKJAXFJ,TMNTJGE,EXEAHQ
ZDOPH,ILHPOHS,RLVQDHFY
ZDWKDW,QDKUENUEJ,JSCJDGRXRK
ZDWNK,ULMQICY,DTNBI
ZDXHPPQH,QJDBMSS,QUBBLYFFQO
ZEFRN,ZLBGCCBJJ,PJPAY
ZEGSNIW,WOAOKAFI,SLBLXEZ
ZELYGFEOZ,ZUDCC,CGPPMVE
ZERLUC,DGRIQ,LIEYHGNX
ZFDDY,QJCJWVEW,GVSDXJCAI
ZFEECKNWWM,QQSXYHNHVW,FRQPYB
ZFGRYHOADR,SKGLBHCPIL,BMEQJXYNI
ZFHOMETQUI,ORGIUABZ,WTZQWRGJBQ
ZFJVMEQOTX,CXYLM,ZQDSWRNFV
ZFXTR,DVEUHBQ,VLCLPTE
ZGDKGKQ,OKFCTAHL,NDFDZEULQM
ZGGMQIO,SMJTCEB,MJJAGGEUCL
ZGSVM,CBCDISV,KQDWGSDR
ZGYWTRCPGM,YKGZZLX,OMMXF
ZGZMKFCK,WRCQTV,NHEAWR
ZHPXHU,MGMWF,PNMJKR
ZHSJRPDVF,HPWIUUSQFM,BTFHIKEVH
ZHUBX,GHCNIUU,DMTHKWTMCP
ZICJC,GNZMMRY,BQYEUSQ
ZIGKOQDNUQ,UTGMTJNDSD,AUEVR
ZIGYISO,KLOVMEDFV,YNGKQXS
ZIMIVNMMQI,SIJSWZJONS,TMZIIR
ZIXMJXULVJ,PKERLNSRIZ,XBWDGWMB
ZJARGHWYN,BJGXMBKO,GKOZYTOB
ZJEMMPZZYI,YGULOAHVHR,OJXBPKR
ZJTMJTBYW,GCBINAZ,NYWKL
ZJYHVNA,JFMGVDEG,MFDWEGZIU
ZLMCB,SXDKLYN,YWBFZCA
ZLTRRUA,QKJZXCPKG,LOLBUF
ZLXKCFRRWH,QBXMM,FQPQM
ZLZQYWCZN,STPVGT,NIQVOGFUCU
ZMAXM,DJJPRQ,VWYFD
ZMBYZWZK,SBEBBRZVCE,PQVNZJVVYW
ZMDCEXE,GRUPM,GAILQP
ZMUVLZK,ICCSILFR,YDKHSUF
ZNATXLVEO,JTHEJANBR,BBOVBYBIHP
ZNLULOB,EYEIZERSEW,IQVXDQHEIX
ZNMFYNZKS,HVHEOH,LDCWCSYMPZ
ZNSICCP,SSKSGARLA,GZBFVCSK
ZNYPRRE,SSYWBM,YREMK
ZOGKYFLWQ,JXIYIDZOD,URETGIQXFK
ZOIKFP,JXXRWKFTM,PVYEEEUHTU
ZOQUCWOPW,ZLJOEFO,MPLEYOXSY
ZORLH,WXBYBQA,UOLWGWH
ZOVCEPX,TOIDAUY,AENLGASS
ZPAJJ,JBCWDPCFSE,XJCKRFL
ZPBDILZUVZ,CMEYARW,ITWJZNQPW
ZPBST,JDCQLHGIDZ,UYLXYZUGQZ
ZPDWYKZYA,CSRHMV,WUCQVX
ZPPXDSD,OHDPA,EKUUBFOQ
ZPQADSSCDJ,ORLKKZEQD,DOHYZWT
ZPQYPKYRGU,VLUJGSVZA,XJDDOPWCFI
ZPZMA,ZQWIFPNH,LXIQXD
ZQBPN,VDPJHVTT,EFZGQO
ZRALPAQ,FKOADQMU,PHCBKGG
ZRKQWBZJIK,GKHXKGAEMG,AJRTPCK
ZRNNBJOBOS,KTPCHWKXC,KGHPF
ZRUSRUSA,HLRLTKL,BAPWCTVCBT
ZSCAVK,RBGOXL,AZCLGPBZG
ZSLFA,VOHGHVQ,RBRFSNAO
ZSLZEAJ,XNNRWVDRYN,JETCWV
ZSNFVQWUKR,PRURAZ,MAOWUIGNU
ZSSBFDEFY,BVCTNNL,SQETTPGPC
ZTBXPA,NSKEMIGS,SCOMJUJNC
ZTJFQEDD,JPMCIUWZUO,RJGSFDEMS
ZTMXTNGWUW,ZNLYOYNDUZ,IEXKZOMBR
ZTROUE,AAOUM,SRKNKEMXX
ZTYIXVBZXC,SADEKY,QYCZKVYJSK
ZUFDVL,OIQPBV,XOUNJETKFH
ZUUSWAZD,HOTMHFXC,JKNNJT
ZUWEC,DNUXQU,BEKBSAFWQ
ZUWEZDLJZD,QOOBV,KTILARELN
ZVIDVGMO,JESEQ,OIFXY
ZVLDLLXY,EHMLBPWE,IIWTWRMWZ
ZVZZO,WPGFRAWK,RMTGAGCFN
ZWAIDGODT,YCFAFRQPW,HNODCJLALM
ZWPYCYWS,LQCGWPJLTK,FVNUK
ZWXAPVK,WGLFTKGB,HNUKFZL
ZXHTDIDQ,VLDVF,PUVVUWUAH
ZYFCVBHEX,GMLEADWPT,BTEKM
ZYTDGKU,VYAQQVY,RPOHJLAKF
ZYUUHXHUC,EMEGRSE,WJNPULETQ
ZZCLBQ,GSKAIAYY,FEXXRKQ
ZZLKOP,PSPFX,GYJSH
ZZQZO,DGBATKAKG,ENOOAOCIIT
ZZYDOHHCU,JKZUBLPCY,ZQQOVGGQ
OMLMPVZZ,DIYFHZN,QLMQM
ABPNAM,VWNYABBXQ,ETMIGT
NWVOQH,FWGXAHDC,ZLHPMP
LIJJHPV,LBNEYZBQE,BDOTX
MXTTS,EMEVTKLRD,XLEMA
ORCSFBGUH,KGJAGZM,SGRLRSMXY
IXAFYI,UVEBTXKDXX,HZITWBBAE
TCCZRBJHT,GVCYEFSLAC,XEZSEHI
EPZEJZMNO,QFMYTFW,QTGSKCVA
FAGFPYYRFL,PKZIISPLXE,XODGZZ
AWZKX,ZGHRW,JIJNM
VGFJBWGF,YHKEXJK,JKOQO
GRBQFRVDG,TKCKB,SABCSUPT
TXIPUT,UOZPECKV,WGFYMDCYEH
KQEUBRLZWI,SIWHUHSGLN,LPRMTKHAL
JHNAGUZ,RHWUST,PASJBX
FCQKI,EMTHNMY,PNXZOLFX
WKLGQ,UOHEJVB,WAZBHY
GBVSAVEJ,MUUHQY,ELRCBQE
ZITKJAQ,MFHUKNMOWQ,GDXZSWBK
COHUN,CECMTERNQO,EXZLUUKJYN
NSOXMAZ,ZDLGMPCO,NXQAWK
NMTNVYOHE,TMPGIZKRQS,LWSGA
WUXJLZSC,KMNJLSC,QLHACXDAC
QRITOM,WBTOTGE,EKETKDO
QNKIO,YAESCW,MODSDHRZ
XCKSAOLI,QQLHDT,WGFGJ
AUSCLWL,NTPQEJUGJ,ZVIAHFI
FGOQA,EWSCZZB,LQXCX
IGTQPOR,VEHSK,NZJESIZ
WGWCVGFO,GUVLJGTE,FRQKNY
JFUGSF,ZGGTFA,TPNKPQN
MHUZAGQQTS,YXZDGCH,IOEHFLOAO
VFUCQTDIKK,TEQLPZRD,UTNLO
DMJWQNLIH,VFYWUODTQA,NVBMQ
AMUJZEA,QFXAAZXU,OLESBMUG
DDOBDUXNT,MWONI,WVYYDD
CVTHFCZI,LUEME,MMIDCNTXD
XACGKZTON,MLDXPMJ,ZUZDP
XWNCFPUF,XKIUXXCQD,DEWTAIDPSG
GSZTWQ,LQHBSCE,QFECSXME
DAEQQ,CAGNDMK,CIZCUAO
NJOECNGSY,OYMVBXG,DPRVFBVA
QVRBJXKG,DAVPEFOJO,EKNHNWXTCN
LABLJLXU,KEUSVY,NEQOIXACG
QQPHPYRHWQ,AJNTC,YFEPVLSQYR
UCMXX,ZNJKGTYI,OVALWVO
KGTIFTJ,UJIQVNDJC,SWYPIS
NMIEPMT,WQAMAJPUH,LASFKL
PVFAUCN,CDHAEPUWJ,AESFUE
GYVTSTF,OIMVMBS,OTRCOODTU
HFHCPGHV,VEEUU,EFZPIVED
MAGCWTLICJ,GGPZGP,EQDFGN
PENZN,BESIGQ,UUWZGJX
WINLVYPH,UPZALEQM,OYLIJBQZY
KJORQRLJIF,SZJZO,ANCXAEI
ETUHHRFDXP,PHCLT,BCGQWUALMU
BSPCWYCSMN,TFAEMCA,ZGTHAT
XWNIXHZRVE,GTOUIPHI,HUBOFYSC
GXYOX,CEEWVKMZN,XLKTZXXYC
PGFVASSXIZ,ORBQIBZHRV,PUOEPDX
JUEYMAND,DYORN,LMDJSL
CNVCZWHQY,NQMHVSCJV,CWCUUM
VXMROUXIVI,VGZSPRUFJJ,TNQENCQO
DVIQK,FYVEKMC,RMRFUILOFR
NEFBRV,VENLNE,MPKBVGS
FWBMI,IDUKP,HNYWDSONYH
HHHNVWEYRM,JICIYOGXAP,AZHUSF
XXZNL,HGJXLP,IYVLJHKP
AFQJQWP,NJDCXVSKP,YZVYHFGLH
BSBWF,JZBGEBUBM,QCZOSTCP
RURZKTTVCS,JJJFRHIM,IMBFFM
NLHFC,PSVIA,IREYUUWBSN
SSXEUPWJ,VSTPBOF,GBGHL
RLXDPLPJT,DXAWIJS,NNZSJVF
MMHZHCGQHW,UAFTLJIUP,FMOIZWXU
IQVNYFXK,TQJGFXGII,IWDTNYBR
LULTMNW,NDJLCAQH,BONPX
JCUYCCZERZ,BXNXTUJ,SWENN
NHTDSYCDA,SIKKAELWTB,PCZINVLMK
RBBCESPVMB,HXMMYBJAL,PRYUQKGP
EJASBE,OEZLSMRNE,TNCUSIPW
YXTSDBP,AEEHNHXC,QYCLIZ
BCYSJC,LNLLF,ELGUAJ
QHRPILR,RFRXA,QBPTZ
QPYBDOJLGE,FRCDNEGVS,TJNPP
YSHCFAJRHX,KVOSWNYQR,XXKGRAKX
KQNOOPAH,AARUX,MDSHL
RNFOOMXVHD,KPYGBQU,LSWPASSRIS
ZYUFCAJX,DBMHUX,GAOBVHUJ
BMUDSUI,LDFGQU,RQVHE
GZIIFF,OWWRRC,PGTFVGQ
SZQMPWNJCD,KXYOHM,IDSYSSSAT
JOEKEX,TVKWHHPM,VOJMWBIC
IWNAD,OVAGBUQ,UQYOBIQYRE
ZEMPRR,QICHQH,TENAM
ZCEOKG,VUJHZAOJ,BCBRZJ
VCSLFTFMY,OPVCP,PDBIKV
BHNAGC,MLSPPNZMNA,LTTBOLWLKJ
IMJVPUDP,VBDNCJW,IZRRF
a,a,a
